08/04/17,7.9528
08/03/17,7.9485
08/02/17,7.9274
08/01/17,7.9242
07/31/17,7.9456
07/28/17,7.9316
07/27/17,7.9543
07/26/17,7.9044
07/25/17,7.902
07/24/17,7.8933
07/21/17,7.8968
07/20/17,7.8999
07/19/17,7.9304
07/18/17,7.8787
07/17/17,7.8811
07/14/17,7.8396
07/13/17,7.8729
07/12/17,7.8401
07/11/17,7.862
07/10/17,7.8764
07/07/17,7.7895
07/06/17,7.7748
07/05/17,7.7604
07/04/17,7.7616
07/03/17,7.7247
06/30/17,7.6565
06/29/17,7.6464
06/28/17,7.6265
06/27/17,7.6641
06/23/17,7.7301
06/22/17,7.7982
06/21/17,7.8293
06/20/17,7.8211
06/19/17,7.8101
06/16/17,7.7919
06/15/17,7.7762
06/14/17,7.7298
06/13/17,7.7678
06/12/17,7.7581
06/09/17,7.7961
06/08/17,7.7641
06/07/17,7.7329
06/06/17,7.7112
06/05/17,7.7319
06/02/17,7.6863
06/01/17,7.6893
05/31/17,7.6495
05/30/17,7.6242
05/29/17,7.6179
05/26/17,7.6471
05/25/17,7.6114
05/24/17,7.5415
05/23/17,7.5701
05/22/17,7.6214
05/19/17,7.6423
05/18/17,7.6602
05/17/17,7.8028
05/16/17,7.8308
05/15/17,7.8435
05/12/17,7.8272
05/11/17,7.8628
05/09/17,7.7856
05/08/17,7.775
05/05/17,7.7503
05/04/17,7.8032
05/03/17,7.7568
05/02/17,7.7715
04/28/17,7.7348
04/27/17,7.7596
04/26/17,7.7214
04/25/17,7.6693
04/24/17,7.6114
04/21/17,7.6026
04/20/17,7.5921
04/19/17,7.5507
04/18/17,7.5459
04/17/17,7.5367
04/13/17,7.5669
04/12/17,7.5693
04/11/17,7.6312
04/10/17,7.6309
04/07/17,7.6216
04/06/17,7.5692
04/05/17,7.5499
04/04/17,7.5094
04/03/17,7.4874
03/31/17,7.4994
03/30/17,7.4487
03/29/17,7.4314
03/28/17,7.3664
03/27/17,7.3452
03/24/17,7.2774
03/23/17,7.251
03/22/17,7.2303
03/21/17,7.2754
03/20/17,7.2253
03/17/17,7.2158
03/16/17,7.2138
03/15/17,7.1964
03/14/17,7.185
03/13/17,7.0872
03/10/17,7.0586
03/09/17,7.073
03/08/17,7.0837
03/07/17,7.0515
03/06/17,7.0526
03/03/17,7.054
03/02/17,7.0353
03/01/17,7.0477
02/28/17,6.9529
02/27/17,6.955
02/24/17,7.0057
02/23/17,6.9888
02/22/17,7.0252
02/21/17,7.0687
02/20/17,7.0115
02/17/17,6.9791
02/16/17,6.9714
02/15/17,6.9618
02/14/17,6.9845
02/13/17,7.0032
02/10/17,6.9939
02/09/17,6.9525
02/08/17,6.8977
02/07/17,6.8858
02/06/17,6.8954
02/03/17,6.8114
02/02/17,6.7742
02/01/17,6.7244
01/31/17,6.6054
01/27/17,6.7317
01/26/17,6.6967
01/25/17,6.6541
01/24/17,6.5984
01/23/17,6.5771
01/20/17,6.5907
01/19/17,6.6488
01/18/17,6.6337
01/17/17,6.6093
01/16/17,6.6522
01/13/17,6.651
01/12/17,6.6298
01/11/17,6.6617
01/10/17,6.616
01/09/17,6.6108
01/06/17,6.6202
01/05/17,6.6182
01/04/17,6.6467
01/03/17,6.6893
12/30/16,6.6792
12/29/16,6.6264
12/28/16,6.5878
12/27/16,6.5762
12/23/16,6.5523
12/22/16,6.5481
12/21/16,6.596
12/20/16,6.6038
12/19/16,6.6678
12/16/16,6.7227
12/15/16,6.6747
12/14/16,6.6137
12/13/16,6.6514
12/12/16,6.6327
12/09/16,6.7083
12/08/16,6.6658
12/07/16,6.5321
12/06/16,6.528
12/05/16,6.4916
12/02/16,6.4874
12/01/16,6.579
11/30/16,6.5958
11/29/16,6.5093
11/28/16,6.5079
11/25/16,6.526
11/24/16,6.4247
11/23/16,6.4633
11/22/16,6.4363
11/21/16,6.3766
11/18/16,6.4782
11/17/16,6.466
11/16/16,6.5071
11/15/16,6.4735
11/14/16,6.665
11/11/16,6.6941
11/10/16,6.9123
11/09/16,6.7871
11/08/16,6.8323
11/07/16,6.8141
11/04/16,6.7737
11/03/16,6.8332
11/02/16,6.8765
11/01/16,6.9424
10/31/16,6.9365
10/28/16,6.9447
10/27/16,6.9202
10/26/16,6.9136
10/25/16,6.953
10/24/16,6.9865
10/21/16,6.9962
10/20/16,6.9651
10/19/16,6.9347
10/18/16,6.9279
10/17/16,6.8626
10/14/16,6.9113
10/13/16,6.8449
10/12/16,6.8984
10/11/16,6.8974
10/10/16,6.8736
10/07/16,6.8738
10/06/16,6.8935
10/05/16,6.9084
10/04/16,6.8853
10/03/16,6.8339
09/30/16,6.7077
09/29/16,6.6669
09/28/16,6.7928
09/27/16,6.7834
09/26/16,6.753
09/23/16,6.7805
09/22/16,6.7432
09/21/16,6.7076
09/20/16,6.7125
09/19/16,6.7225
09/16/16,6.7645
09/15/16,6.7017
09/14/16,6.6994
09/13/16,6.6944
09/09/16,6.7487
09/08/16,6.7618
09/07/16,6.7555
09/06/16,6.7455
09/05/16,6.7362
09/02/16,6.7206
09/01/16,6.6874
08/31/16,6.7159
08/30/16,6.7166
08/29/16,6.6269
08/26/16,6.5843
08/25/16,6.6246
08/24/16,6.6504
08/23/16,6.5962
08/22/16,6.5761
08/19/16,6.6058
08/18/16,6.5761
08/17/16,6.5793
08/16/16,6.5756
08/15/16,6.586
08/12/16,6.5907
08/11/16,6.5683
08/10/16,6.5587
08/08/16,6.6706
08/05/16,6.6442
08/04/16,6.5482
08/03/16,6.5479
08/02/16,6.6113
08/01/16,6.6209
07/29/16,6.5838
07/28/16,6.6516
07/27/16,6.6026
07/26/16,6.6467
07/25/16,6.6949
07/22/16,6.667
07/21/16,6.6105
07/20/16,6.6196
07/19/16,6.5517
07/18/16,6.5162
07/15/16,6.5596
07/14/16,6.5809
07/13/16,6.5751
07/12/16,6.5588
07/11/16,6.5801
07/08/16,6.4721
07/07/16,6.4945
07/05/16,6.4699
07/04/16,6.4576
07/01/16,6.4205
06/30/16,6.395
06/29/16,6.3335
06/28/16,6.2864
06/27/16,6.2639
06/24/16,6.1653
06/23/16,6.2276
06/22/16,6.1781
06/21/16,6.1858
06/20/16,6.1986
06/17/16,6.2272
06/16/16,6.2291
06/15/16,6.2645
06/14/16,6.2226
06/13/16,6.2281
06/10/16,6.2841
06/09/16,6.2856
06/08/16,6.3071
06/07/16,6.3215
06/06/16,6.2571
06/03/16,6.2633
06/02/16,6.3147
06/01/16,6.2774
05/31/16,6.261
05/30/16,6.3076
05/27/16,6.2743
05/26/16,6.2153
05/25/16,6.1955
05/24/16,6.0676
05/23/16,6.0628
05/20/16,6.0727
05/19/16,6.109
05/18/16,6.1891
05/17/16,6.1505
05/16/16,6.1739
05/13/16,6.1421
05/12/16,6.1705
05/11/16,6.1095
05/10/16,6.1244
05/09/16,6.11
05/06/16,6.0079
05/05/16,6.0407
05/04/16,6.0206
05/03/16,6.0397
04/29/16,6.019
04/28/16,6.0389
04/27/16,6.1119
04/26/16,6.0807
04/25/16,6.0356
04/22/16,6.0838
04/21/16,6.1034
04/20/16,6.1245
04/19/16,6.081
04/18/16,6.1403
04/15/16,6.06
04/14/16,6.0756
04/13/16,6.0281
04/12/16,5.9683
04/11/16,5.9069
04/08/16,5.8965
04/07/16,5.8835
04/06/16,5.8945
04/05/16,5.9058
04/04/16,5.9631
04/01/16,5.9211
03/31/16,5.9121
03/30/16,5.8606
03/29/16,5.8342
03/28/16,5.8019
03/24/16,5.8766
03/23/16,5.8706
03/22/16,5.837
03/21/16,5.8353
03/18/16,5.786
03/17/16,5.6928
03/16/16,5.7647
03/15/16,5.7289
03/14/16,5.8001
03/11/16,5.7605
03/10/16,5.7665
03/09/16,5.773
03/08/16,5.7748
03/07/16,5.7884
03/04/16,5.7755
03/03/16,5.7756
03/02/16,5.7466
03/01/16,5.6451
02/29/16,5.5341
02/26/16,5.5317
02/25/16,5.4935
02/24/16,5.5407
02/23/16,5.5931
02/22/16,5.6219
02/19/16,5.6506
02/18/16,5.6122
02/17/16,5.5666
02/16/16,5.5427
02/15/16,5.6362
02/12/16,5.5268
02/11/16,5.5201
02/10/16,5.7254
02/05/16,5.9636
02/04/16,5.8589
02/03/16,5.9024
02/02/16,6.0032
02/01/16,6.0482
01/29/16,6.0403
01/28/16,5.9244
01/27/16,5.9619
01/26/16,5.9714
01/25/16,5.9825
01/22/16,5.9625
01/21/16,5.9166
01/20/16,5.9619
01/19/16,6.0344
01/18/16,5.9815
01/15/16,6.1187
01/14/16,6.2261
01/13/16,6.2375
01/12/16,6.2525
01/11/16,6.286
01/08/16,6.3889
01/07/16,6.2912
01/06/16,6.4352
01/05/16,6.4415
01/04/16,6.4101
12/31/15,6.4759
12/30/15,6.3941
12/29/15,6.4269
12/28/15,6.4124
12/24/15,6.3519
12/23/15,6.329
12/22/15,6.2696
12/21/15,6.3201
12/18/15,6.3143
12/17/15,6.3594
12/16/15,6.2094
12/15/15,6.179
12/14/15,6.1304
12/11/15,6.1342
12/10/15,6.1066
12/09/15,6.0565
12/08/15,6.162
12/07/15,6.1974
12/04/15,6.1379
12/03/15,6.2079
12/02/15,6.3015
12/01/15,6.286
11/30/15,6.2441
11/27/15,6.2774
11/26/15,6.2537
11/25/15,6.28
11/24/15,6.3045
11/23/15,6.3185
11/20/15,6.3193
11/19/15,6.3004
11/18/15,6.2509
11/17/15,6.3161
11/16/15,6.2953
11/13/15,6.2916
11/12/15,6.3386
11/11/15,6.2513
11/09/15,6.3516
11/06/15,6.3814
11/05/15,6.3836
11/04/15,6.4599
11/03/15,6.4513
11/02/15,6.4635
10/30/15,6.4813
10/29/15,6.5431
10/28/15,6.5145
10/27/15,6.519
10/26/15,6.4862
10/23/15,6.5297
10/22/15,6.5082
10/21/15,6.5012
10/20/15,6.5217
10/19/15,6.4813
10/16/15,6.4236
10/15/15,6.4002
10/14/15,6.3775
10/13/15,6.4401
10/12/15,6.476
10/09/15,6.4961
10/08/15,6.5161
10/07/15,6.533
10/06/15,6.5685
10/05/15,6.5915
10/02/15,6.5229
10/01/15,6.5019
09/30/15,6.456
09/29/15,6.3452
09/28/15,6.3407
09/25/15,6.333
09/23/15,6.3273
09/22/15,6.2718
09/21/15,6.3343
09/18/15,6.2374
09/17/15,6.194
09/16/15,6.1399
09/15/15,6.1733
09/14/15,6.1972
09/10/15,6.1738
09/09/15,6.1611
09/08/15,6.0771
09/07/15,6.092
09/04/15,6.1843
09/03/15,6.2849
09/02/15,6.2379
09/01/15,6.2049
08/31/15,6.2852
08/28/15,6.2742
08/27/15,6.2539
08/26/15,6.1322
08/25/15,6.1664
08/24/15,6.1142
08/21/15,6.4819
08/20/15,6.5653
08/19/15,6.6522
08/18/15,6.627
08/17/15,6.6151
08/14/15,6.6373
08/13/15,6.5501
08/12/15,6.5983
08/11/15,6.7506
08/06/15,6.7606
08/05/15,6.7532
08/04/15,6.623
08/03/15,6.5964
07/31/15,6.5488
07/30/15,6.544
07/29/15,6.4676
07/28/15,6.4132
07/27/15,6.4248
07/24/15,6.5212
07/23/15,6.5395
07/22/15,6.5679
07/21/15,6.526
07/20/15,6.603
07/16/15,6.5628
07/15/15,6.4868
07/14/15,6.4101
07/13/15,6.3671
07/10/15,6.2681
07/09/15,6.2728
07/08/15,6.2817
07/07/15,6.4075
07/06/15,6.3296
07/03/15,6.2899
07/02/15,6.2742
07/01/15,6.2753
06/30/15,6.2052
06/29/15,6.1333
06/26/15,6.224
06/25/15,6.1928
06/24/15,6.1811
06/23/15,6.1828
06/22/15,6.1665
06/19/15,6.0678
06/18/15,5.9894
06/17/15,5.9919
06/16/15,5.9192
06/15/15,5.9511
06/12/15,5.9394
06/11/15,5.9526
06/10/15,6.0237
06/09/15,6.01
06/08/15,6.0213
06/05/15,6.1138
06/04/15,6.0523
06/03/15,6.025
06/02/15,6.1442
05/29/15,6.2735
05/28/15,6.2085
05/27/15,6.2229
05/26/15,6.282
05/25/15,6.2516
05/22/15,6.298
05/21/15,6.2601
05/20/15,6.2389
05/19/15,6.2234
05/18/15,6.1897
05/15/15,6.107
05/14/15,6.0364
05/13/15,6.039
05/12/15,5.982
05/11/15,6.0715
05/08/15,5.975
05/07/15,5.8701
05/06/15,5.9682
05/05/15,6.1343
05/04/15,6.1503
04/30/15,5.9844
04/29/15,5.9805
04/28/15,6.0093
04/27/15,5.968
04/24/15,6.1107
04/23/15,6.2931
04/22/15,6.3206
04/21/15,6.3896
04/20/15,6.3653
04/17/15,6.5198
04/16/15,6.6292
04/15/15,6.6593
04/14/15,6.7158
04/13/15,6.779
04/10/15,6.7259
04/09/15,6.6809
04/08/15,6.646
04/07/15,6.5947
04/06/15,6.5782
04/02/15,6.5042
04/01/15,6.5218
03/31/15,6.4839
03/30/15,6.4729
03/27/15,6.4038
03/26/15,6.3583
03/25/15,6.476
03/24/15,6.5006
03/23/15,6.4857
03/20/15,6.5876
03/19/15,6.6821
03/18/15,6.7006
03/17/15,6.7083
03/16/15,6.6166
03/13/15,6.6527
03/12/15,6.7093
03/11/15,6.6981
03/10/15,6.7225
03/09/15,6.7129
03/06/15,6.7769
03/05/15,6.7551
03/04/15,6.6893
03/03/15,6.7196
03/02/15,6.6598
02/27/15,6.5817
02/26/15,6.4972
02/25/15,6.5104
02/24/15,6.5223
02/23/15,6.5365
02/18/15,6.5532
02/17/15,6.5117
02/16/15,6.5141
02/13/15,6.5139
02/12/15,6.4712
02/11/15,6.4329
02/10/15,6.3602
02/09/15,6.3112
02/06/15,6.3933
02/05/15,6.3939
02/04/15,6.3941
02/03/15,6.4365
02/02/15,6.4882
01/30/15,6.4901
01/29/15,6.5488
01/28/15,6.5934
01/27/15,6.5248
01/26/15,6.5009
01/23/15,6.5099
01/22/15,6.4238
01/21/15,6.3846
01/20/15,6.3835
01/19/15,6.3206
01/16/15,6.2459
01/15/15,6.2223
01/14/15,6.1386
01/13/15,6.0929
01/12/15,6.0566
01/09/15,5.9874
01/08/15,5.9136
01/07/15,5.7895
01/06/15,5.712
01/05/15,5.8479
01/02/15,5.8446
12/31/14,5.7695
12/30/14,5.7211
12/29/14,5.6876
12/26/14,5.6583
12/24/14,5.6311
12/23/14,5.6948
12/22/14,5.7002
12/19/14,5.6278
12/18/14,5.5972
12/17/14,5.4461
12/16/14,5.4566
12/15/14,5.6524
12/12/14,5.7191
12/11/14,5.7722
12/10/14,5.8176
12/09/14,5.8387
12/08/14,5.8978
12/05/14,5.9656
12/04/14,5.9384
12/03/14,5.9364
12/02/14,5.8804
12/01/14,5.848
11/28/14,5.8343
11/27/14,5.7953
11/26/14,5.7742
11/25/14,5.787
11/24/14,5.8327
11/21/14,5.7975
11/20/14,5.7757
11/19/14,5.7678
11/18/14,5.7364
11/17/14,5.7486
11/14/14,5.7214
11/13/14,5.6838
11/12/14,5.6741
11/11/14,5.6627
11/10/14,5.6328
11/07/14,5.6088
11/06/14,5.6056
11/05/14,5.6124
11/04/14,5.5977
11/03/14,5.5973
10/31/14,5.5375
10/30/14,5.4107
10/29/14,5.363
10/28/14,5.3223
10/27/14,5.3172
10/24/14,5.3624
10/23/14,5.3052
10/21/14,5.219
10/20/14,5.1927
10/17/14,5.1486
10/16/14,5.096
10/15/14,5.216
10/14/14,5.2203
10/13/14,5.2214
10/10/14,5.2408
10/09/14,5.2733
10/08/14,5.2494
10/07/14,5.2952
10/03/14,5.3599
10/02/14,5.3173
10/01/14,5.3117
09/30/14,5.3128
09/29/14,5.2989
09/26/14,5.3032
09/25/14,5.2719
09/24/14,5.2994
09/23/14,5.3209
09/22/14,5.3665
09/19/14,5.3421
09/18/14,5.3287
09/17/14,5.246
09/16/14,5.224
09/15/14,5.3318
09/12/14,5.3538
09/11/14,5.3531
09/10/14,5.2906
09/09/14,5.3304
09/08/14,5.3139
09/05/14,5.2287
09/04/14,5.2092
09/03/14,5.188
09/02/14,5.1268
09/01/14,5.0851
08/29/14,5.0346
08/28/14,5.0401
08/27/14,5.0282
08/26/14,5.0147
08/25/14,4.9879
08/22/14,4.984
08/21/14,4.9418
08/20/14,4.9124
08/19/14,4.8685
08/18/14,4.8314
08/15/14,4.7983
08/14/14,4.7773
08/13/14,4.7543
08/12/14,4.7452
08/11/14,4.6852
08/08/14,4.6498
08/07/14,4.6936
08/06/14,4.6891
08/05/14,4.7316
08/04/14,4.7021
08/01/14,4.6469
07/31/14,4.7394
07/30/14,4.7514
07/29/14,4.6978
07/25/14,4.6832
07/24/14,4.6671
07/23/14,4.6491
07/22/14,4.6483
07/21/14,4.5963
07/18/14,4.571
07/17/14,4.5861
07/16/14,4.5523
07/15/14,4.5323
07/14/14,4.4828
07/11/14,4.499
07/10/14,4.5477
07/09/14,4.5696
07/08/14,4.5956
07/07/14,4.6875
07/04/14,4.6836
07/03/14,4.6803
07/02/14,4.6516
07/01/14,4.5862
06/30/14,4.5565
06/27/14,4.5016
06/26/14,4.4727
06/25/14,4.4539
06/24/14,4.4349
06/23/14,4.4258
06/20/14,4.4525
06/19/14,4.455
06/18/14,4.4553
06/17/14,4.4774
06/16/14,4.4563
06/13/14,4.4785
06/12/14,4.5451
06/11/14,4.5278
06/10/14,4.5205
06/09/14,4.5168
06/06/14,4.498
06/05/14,4.4579
06/04/14,4.4192
06/03/14,4.4194
06/02/14,4.4522
05/30/14,4.384
05/29/14,4.3582
05/28/14,4.3842
05/27/14,4.3661
05/26/14,4.3882
05/23/14,4.4222
05/22/14,4.3843
05/21/14,4.3188
05/20/14,4.2955
05/19/14,4.2407
05/16/14,4.1914
05/15/14,4.1658
05/14/14,4.1753
05/12/14,4.1334
05/09/14,4.0893
05/08/14,4.0208
05/07/14,4.0021
05/06/14,4.006
05/05/14,4.0092
05/02/14,4.0247
04/30/14,4.0214
04/29/14,4.0004
04/28/14,4.0033
04/25/14,3.9878
04/24/14,3.9788
04/23/14,3.9787
04/22/14,3.9873
04/21/14,3.9841
04/17/14,3.9715
04/16/14,3.955
04/15/14,3.9951
04/14/14,4.0333
04/11/14,4.0157
04/10/14,4.0149
04/09/14,4.0312
04/08/14,4.0163
04/07/14,4.0327
04/04/14,4.0128
04/03/14,4.0527
04/02/14,4.0959
04/01/14,4.0348
03/31/14,4.0276
03/28/14,4.0287
03/27/14,3.9675
03/26/14,3.9613
03/25/14,3.9378
03/24/14,3.9131
03/21/14,3.8876
03/20/14,3.8729
03/19/14,3.8513
03/18/14,3.8203
03/17/14,3.8094
03/14/14,3.8103
03/13/14,3.8154
03/12/14,3.8327
03/11/14,3.8451
03/10/14,3.8605
03/07/14,3.8351
03/06/14,3.8132
03/05/14,3.7782
03/04/14,3.7549
03/03/14,3.7183
02/28/14,3.7378
02/27/14,3.7175
02/26/14,3.7171
02/25/14,3.7099
02/24/14,3.6968
02/21/14,3.6846
02/20/14,3.6381
02/19/14,3.6424
02/18/14,3.6205
02/17/14,3.6078
02/14/14,3.5958
02/13/14,3.582
02/12/14,3.6221
02/11/14,3.6084
02/10/14,3.6014
02/07/14,3.6088
02/06/14,3.5986
02/05/14,3.601
02/04/14,3.5768
02/03/14,3.5792
01/30/14,3.5813
01/29/14,3.6251
01/28/14,3.6025
01/27/14,3.5823
01/24/14,3.6986
01/23/14,3.774
01/22/14,3.7915
01/21/14,3.7942
01/20/14,3.7949
01/17/14,3.7751
01/16/14,3.7988
01/15/14,3.8311
01/14/14,3.8134
01/13/14,3.7925
01/10/14,3.7668
01/09/14,3.7778
01/08/14,3.7889
01/07/14,3.7584
01/06/14,3.7348
01/03/14,3.7336
01/02/14,3.7289
12/31/13,3.7866
12/30/13,3.8023
12/27/13,3.807
12/26/13,3.7793
12/24/13,3.7808
12/23/13,3.7603
12/20/13,3.753
12/19/13,3.7109
12/18/13,3.6898
12/17/13,3.6523
12/16/13,3.6541
12/13/13,3.6233
12/12/13,3.6662
12/11/13,3.6907
12/10/13,3.6932
12/09/13,3.6929
12/06/13,3.6666
12/05/13,3.6682
12/04/13,3.6457
12/03/13,3.6501
12/02/13,3.6679
11/29/13,3.6109
11/28/13,3.5966
11/27/13,3.581
11/26/13,3.5544
11/25/13,3.5539
11/22/13,3.5007
11/21/13,3.4922
11/20/13,3.5369
11/19/13,3.573
11/18/13,3.5684
11/15/13,3.4873
11/14/13,3.4926
11/13/13,3.4566
11/12/13,3.4719
11/11/13,3.493
11/08/13,3.5384
11/07/13,3.535
11/06/13,3.5455
11/05/13,3.5916
11/04/13,3.6142
11/01/13,3.5911
10/31/13,3.596
10/30/13,3.5872
10/29/13,3.5653
10/28/13,3.5233
10/25/13,3.5339
10/24/13,3.5379
10/23/13,3.5341
10/22/13,3.5386
10/21/13,3.5516
10/18/13,3.5532
10/17/13,3.5259
10/16/13,3.5343
10/14/13,3.5676
10/11/13,3.5795
10/10/13,3.5293
10/09/13,3.532
10/08/13,3.4801
10/07/13,3.4742
10/04/13,3.4742
10/03/13,3.4499
10/02/13,3.3925
10/01/13,3.4035
09/30/13,3.3741
09/27/13,3.3962
09/26/13,3.4037
09/25/13,3.3684
09/24/13,3.3645
09/23/13,3.3298
09/20/13,3.3823
09/19/13,3.4039
09/18/13,3.3294
09/17/13,3.3092
09/16/13,3.3246
09/13/13,3.2893
09/12/13,3.2933
09/11/13,3.3301
09/10/13,3.2534
09/09/13,3.1443
09/06/13,3.158
09/05/13,3.1093
09/04/13,3.0381
09/03/13,2.9769
09/02/13,3.1101
08/30/13,3.1038
08/29/13,3.0086
08/28/13,2.9443
08/27/13,3.0874
08/26/13,3.1989
08/23/13,3.1708
08/22/13,3.118
08/21/13,3.1443
08/20/13,3.1814
08/19/13,3.2604
08/16/13,3.3453
08/15/13,3.451
08/14/13,3.4317
08/13/13,3.4337
08/12/13,3.3404
08/07/13,3.292
08/06/13,3.3123
08/05/13,3.4287
08/02/13,3.4201
08/01/13,3.4598
07/31/13,3.4635
07/30/13,3.4727
07/29/13,3.5574
07/26/13,3.6026
07/25/13,3.5925
07/24/13,3.611
07/23/13,3.5775
07/22/13,3.56
07/19/13,3.5545
07/18/13,3.5719
07/17/13,3.5587
07/16/13,3.5439
07/15/13,3.5371
07/12/13,3.493
07/11/13,3.4398
07/10/13,3.4329
07/09/13,3.4341
07/08/13,3.3829
07/05/13,3.4111
07/04/13,3.3898
07/03/13,3.3739
07/02/13,3.4255
07/01/13,3.4477
06/28/13,3.4217
06/27/13,3.3245
06/26/13,3.291
06/25/13,3.3185
06/24/13,3.3492
06/21/13,3.4252
06/20/13,3.401
06/19/13,3.4726
06/18/13,3.4826
06/17/13,3.5111
06/14/13,3.4825
06/13/13,3.4234
06/12/13,3.4685
06/11/13,3.4613
06/10/13,3.5324
06/07/13,3.5431
06/06/13,3.5662
06/05/13,3.5934
06/04/13,3.6201
06/03/13,3.5719
05/31/13,3.6462
05/30/13,3.6768
05/29/13,3.6741
05/28/13,3.7002
05/27/13,3.673
05/23/13,3.6265
05/22/13,3.6468
05/21/13,3.6449
05/20/13,3.6515
05/17/13,3.6848
05/16/13,3.6536
05/15/13,3.6319
05/14/13,3.5753
05/13/13,3.5449
05/10/13,3.5602
05/09/13,3.5367
05/08/13,3.5601
05/07/13,3.5878
05/06/13,3.5695
05/03/13,3.5739
05/02/13,3.5761
04/30/13,3.546
04/29/13,3.4558
04/26/13,3.4138
04/25/13,3.4327
04/24/13,3.3935
04/23/13,3.3743
04/22/13,3.388
04/19/13,3.3695
04/18/13,3.3618
04/17/13,3.3371
04/16/13,3.3375
04/15/13,3.2815
04/12/13,3.3074
04/11/13,3.3666
04/10/13,3.3499
04/09/13,3.3274
04/08/13,3.3795
04/05/13,3.34
04/04/13,3.3621
04/03/13,3.4056
04/02/13,3.4462
04/01/13,3.4393
03/28/13,3.4225
03/27/13,3.4125
03/26/13,3.3981
03/25/13,3.3933
03/22/13,3.4059
03/21/13,3.4175
03/20/13,3.4464
03/19/13,3.4657
03/18/13,3.4896
03/15/13,3.5156
03/14/13,3.488
03/13/13,3.4833
03/12/13,3.4998
03/11/13,3.513
03/08/13,3.5099
03/07/13,3.4528
03/06/13,3.4284
03/05/13,3.4244
03/04/13,3.3973
03/01/13,3.3962
02/28/13,3.3886
02/27/13,3.4427
02/26/13,3.4287
02/25/13,3.4639
02/22/13,3.4538
02/21/13,3.4284
02/20/13,3.4843
02/19/13,3.4714
02/18/13,3.4381
02/15/13,3.432
02/14/13,3.4374
02/13/13,3.4738
02/08/13,3.486
02/07/13,3.517
02/06/13,3.5275
02/05/13,3.5302
02/04/13,3.5524
02/01/13,3.5689
01/31/13,3.57
01/30/13,3.5498
01/29/13,3.5273
01/28/13,3.5318
01/25/13,3.511
01/24/13,3.4925
01/23/13,3.5071
01/22/13,3.5077
01/21/13,3.5222
01/18/13,3.5113
01/17/13,3.4959
01/16/13,3.4655
01/15/13,3.5119
01/14/13,3.5006
01/11/13,3.4566
01/10/13,3.4732
01/09/13,3.4765
01/08/13,3.4783
01/07/13,3.4556
01/04/13,3.4724
01/03/13,3.4812
01/02/13,3.4625
12/31/12,3.421
12/28/12,3.4118
12/27/12,3.3671
12/26/12,3.398
12/24/12,3.3633
12/21/12,3.3464
12/20/12,3.3908
12/19/12,3.4041
12/18/12,3.3712
12/17/12,3.3752
12/14/12,3.3901
12/13/12,3.3899
12/12/12,3.4117
12/11/12,3.4067
12/10/12,3.4001
12/07/12,3.4044
12/06/12,3.4379
12/05/12,3.4015
12/04/12,3.4118
12/03/12,3.4091
11/30/12,3.4195
11/29/12,3.3665
11/28/12,3.2904
11/27/12,3.2964
11/26/12,3.2486
11/23/12,3.2142
11/22/12,3.2381
11/21/12,3.2385
11/20/12,3.2251
11/19/12,3.2205
11/16/12,3.2586
11/15/12,3.2911
11/14/12,3.3034
11/12/12,3.2793
11/09/12,3.2837
11/08/12,3.3033
11/07/12,3.3169
11/06/12,3.2912
11/05/12,3.2774
11/02/12,3.3101
11/01/12,3.3042
10/31/12,3.2845
10/30/12,3.2369
10/29/12,3.2631
10/25/12,3.3066
10/24/12,3.2883
10/23/12,3.2963
10/22/12,3.3056
10/19/12,3.2599
10/18/12,3.3316
10/17/12,3.323
10/16/12,3.323
10/15/12,3.3353
10/12/12,3.3391
10/11/12,3.3764
10/10/12,3.3268
10/09/12,3.3703
10/08/12,3.3753
10/05/12,3.4173
10/04/12,3.4627
10/03/12,3.4385
10/02/12,3.4028
10/01/12,3.3838
09/28/12,3.3702
09/27/12,3.2869
09/26/12,3.2676
09/25/12,3.236
09/24/12,3.2354
09/21/12,3.2291
09/20/12,3.1389
09/19/12,3.1608
09/18/12,3.1586
09/17/12,3.1808
09/14/12,3.1572
09/13/12,3.1121
09/12/12,3.1312
09/11/12,3.0924
09/10/12,3.1035
09/07/12,3.0777
09/06/12,3.0449
09/05/12,3.0456
09/04/12,3.0646
09/03/12,3.0457
08/31/12,3.0394
08/30/12,3.0684
08/29/12,3.0537
08/28/12,3.0498
08/27/12,3.0661
08/24/12,3.0712
08/23/12,3.078
08/22/12,3.0577
08/21/12,3.0504
08/17/12,3.0254
08/16/12,2.9942
08/15/12,3.0048
08/14/12,2.9884
08/13/12,3.0035
08/10/12,2.9878
08/08/12,2.9641
08/07/12,2.9684
08/06/12,2.969
08/03/12,2.9216
08/02/12,2.9342
08/01/12,2.936
07/31/12,2.9124
07/30/12,2.9267
07/27/12,2.9079
07/26/12,2.8624
07/25/12,2.8862
07/24/12,2.9057
07/23/12,2.894
07/20/12,2.9415
07/19/12,2.9446
07/18/12,2.9509
07/17/12,2.9699
07/16/12,2.9537
07/13/12,2.9465
07/12/12,2.9485
07/11/12,2.9538
07/10/12,2.9719
07/09/12,2.9507
07/06/12,3.0013
07/05/12,3.0098
07/04/12,3.0358
07/03/12,2.9869
07/02/12,2.9588
06/29/12,2.9234
06/28/12,2.8519
06/27/12,2.8295
06/26/12,2.8419
06/25/12,2.8371
06/22/12,2.8197
06/21/12,2.8515
06/20/12,2.8406
06/19/12,2.8172
06/18/12,2.8418
06/15/12,2.8675
06/14/12,2.8542
06/13/12,2.8836
06/12/12,2.8819
06/11/12,2.8653
06/08/12,2.9017
06/07/12,2.8925
06/06/12,2.859
06/05/12,2.8194
06/04/12,2.8354
06/01/12,2.8343
05/31/12,2.8521
05/30/12,2.8592
05/29/12,2.8553
05/28/12,2.8943
05/25/12,2.8571
05/24/12,2.8257
05/23/12,2.7858
05/22/12,2.8222
05/21/12,2.8728
05/18/12,2.9055
05/17/12,2.9003
05/16/12,2.9067
05/15/12,2.9304
05/14/12,2.9238
05/11/12,2.9096
05/10/12,2.9454
05/09/12,2.9271
05/08/12,2.959
05/07/12,3.0024
05/04/12,2.9418
05/03/12,2.987
05/02/12,3.016
04/30/12,3.021
04/27/12,3.0152
04/26/12,3.0283
04/25/12,3.0409
04/24/12,3.0396
04/23/12,3.064
04/20/12,3.1303
04/19/12,3.1561
04/18/12,3.1597
04/17/12,3.1482
04/16/12,3.136
04/13/12,3.1425
04/12/12,3.1588
04/11/12,3.1547
04/10/12,3.1727
04/09/12,3.138
04/05/12,3.192
04/04/12,3.1816
04/03/12,3.2003
04/02/12,3.1959
03/30/12,3.1969
03/29/12,3.1313
03/28/12,3.1264
03/27/12,3.1473
03/26/12,3.082
03/23/12,3.1371
03/22/12,3.1261
03/21/12,3.1876
03/20/12,3.143
03/19/12,3.0783
03/16/12,3.1267
03/15/12,3.1449
03/14/12,3.2019
03/13/12,3.1635
03/12/12,3.1517
03/09/12,3.1343
03/08/12,3.0818
03/07/12,3.0985
03/06/12,3.111
03/05/12,3.141
03/02/12,3.1606
03/01/12,3.1595
02/29/12,3.1805
02/28/12,3.1794
02/27/12,3.1438
02/24/12,3.2016
02/23/12,3.1987
02/22/12,3.2146
02/21/12,3.2545
02/20/12,3.2352
02/17/12,3.2599
02/16/12,3.2377
02/15/12,3.2389
02/14/12,3.2026
02/13/12,3.1882
02/10/12,3.1798
02/09/12,3.1606
02/08/12,3.1506
02/07/12,3.1556
02/06/12,3.1801
02/03/12,3.2026
02/02/12,3.1548
02/01/12,3.1229
01/31/12,3.1086
01/30/12,3.0629
01/27/12,3.1117
01/26/12,3.0534
01/25/12,3.0768
01/20/12,3.0033
01/19/12,3.0079
01/18/12,2.9877
01/17/12,2.9977
01/16/12,2.9374
01/13/12,2.9484
01/12/12,2.9145
01/11/12,2.928
01/10/12,2.9123
01/09/12,2.8606
01/06/12,2.8377
01/05/12,2.8269
01/04/12,2.8135
01/03/12,2.812
12/30/11,2.8037
12/29/11,2.7958
12/28/11,2.8203
12/27/11,2.838
12/23/11,2.8164
12/22/11,2.8265
12/21/11,2.8249
12/20/11,2.7625
12/19/11,2.8154
12/16/11,2.8403
12/15/11,2.8423
12/14/11,2.8425
12/13/11,2.8672
12/12/11,2.8756
12/09/11,2.9345
12/08/11,2.9997
12/07/11,3.0051
12/06/11,3.0269
12/05/11,3.0153
12/02/11,3.0289
12/01/11,2.9682
11/30/11,2.9143
11/29/11,2.9447
11/28/11,2.9764
11/25/11,2.943
11/24/11,2.9566
11/23/11,2.9152
11/22/11,2.9525
11/21/11,2.9871
11/18/11,3.0456
11/17/11,3.0643
11/16/11,3.1063
11/15/11,3.1249
11/14/11,3.1859
11/11/11,3.173
11/10/11,3.2067
11/09/11,3.185
11/08/11,3.1812
11/04/11,3.2086
11/03/11,3.2001
11/02/11,3.1812
11/01/11,3.1877
10/31/11,3.1409
10/28/11,3.1259
10/27/11,3.0691
10/25/11,3.0792
10/24/11,3.0218
10/21/11,3.0109
10/20/11,3.0583
10/19/11,3.0851
10/18/11,3.0607
10/17/11,3.1234
10/14/11,3.0982
10/13/11,3.1048
10/12/11,3.1215
10/11/11,3.0985
10/10/11,3.0886
10/07/11,3.0583
10/06/11,3.074
10/05/11,3.064
10/04/11,3.1204
10/03/11,3.1507
09/30/11,3.1806
09/29/11,3.1701
09/28/11,3.1519
09/27/11,3.1393
09/26/11,3.1108
09/23/11,3.1438
09/22/11,3.1833
09/21/11,3.2479
09/20/11,3.1984
09/19/11,3.1866
09/16/11,3.1508
09/15/11,3.1688
09/14/11,3.1685
09/13/11,3.1548
09/12/11,3.1712
09/09/11,3.2077
09/08/11,3.2183
09/07/11,3.2219
09/06/11,3.1866
09/05/11,3.1776
09/02/11,3.1632
09/01/11,3.1739
08/31/11,3.1538
08/29/11,3.1245
08/26/11,3.0722
08/25/11,3.1306
08/24/11,3.1262
08/23/11,3.1496
08/22/11,3.1484
08/19/11,3.1109
08/18/11,3.1709
08/17/11,3.1967
08/16/11,3.2097
08/15/11,3.2313
08/12/11,3.2391
08/11/11,3.2628
08/10/11,3.3103
08/08/11,3.3122
08/05/11,3.3556
08/04/11,3.4247
08/03/11,3.4325
08/02/11,3.4573
08/01/11,3.5018
07/29/11,3.473
07/28/11,3.466
07/27/11,3.5034
07/26/11,3.466
07/25/11,3.4999
07/22/11,3.4773
07/21/11,3.4323
07/20/11,3.454
07/19/11,3.4836
07/18/11,3.4682
07/15/11,3.4736
07/14/11,3.4782
07/13/11,3.4762
07/12/11,3.4599
07/11/11,3.5214
07/08/11,3.5253
07/07/11,3.5491
07/06/11,3.5047
07/05/11,3.5162
07/04/11,3.5246
07/01/11,3.4903
06/30/11,3.4587
06/29/11,3.4454
06/28/11,3.4284
06/27/11,3.4108
06/24/11,3.382
06/23/11,3.3308
06/22/11,3.3038
06/21/11,3.3244
06/20/11,3.3191
06/17/11,3.3594
06/16/11,3.3966
06/15/11,3.4057
06/14/11,3.4026
06/13/11,3.4005
06/10/11,3.3943
06/09/11,3.3893
06/08/11,3.4077
06/07/11,3.3937
06/06/11,3.3926
06/03/11,3.3853
06/02/11,3.3889
06/01/11,3.4057
05/31/11,3.3713
05/30/11,3.308
05/27/11,3.2891
05/26/11,3.2925
05/25/11,3.2744
05/24/11,3.297
05/23/11,3.2749
05/20/11,3.3141
05/19/11,3.2886
05/18/11,3.2995
05/16/11,3.3096
05/13/11,3.352
05/12/11,3.2893
05/11/11,3.3087
05/10/11,3.2911
05/09/11,3.3012
05/06/11,3.2517
05/05/11,3.2508
05/04/11,3.3102
05/03/11,3.3262
04/29/11,3.3906
04/28/11,3.3865
04/27/11,3.4118
04/26/11,3.4166
04/25/11,3.4142
04/21/11,3.428
04/20/11,3.4293
04/19/11,3.3949
04/18/11,3.4198
04/15/11,3.4313
04/14/11,3.4872
04/13/11,3.4982
04/12/11,3.4802
04/11/11,3.4642
04/08/11,3.4816
04/07/11,3.4899
04/06/11,3.4715
04/05/11,3.462
04/04/11,3.4638
04/01/11,3.4232
03/31/11,3.3966
03/30/11,3.3751
03/29/11,3.3346
03/28/11,3.3059
03/25/11,3.3034
03/24/11,3.2569
03/23/11,3.234
03/22/11,3.2036
03/21/11,3.1882
03/18/11,3.2171
03/17/11,3.2241
03/16/11,3.2752
03/15/11,3.2367
03/14/11,3.254
03/11/11,3.2253
03/10/11,3.259
03/09/11,3.2616
03/08/11,3.2537
03/07/11,3.2241
03/04/11,3.24
03/03/11,3.2301
03/02/11,3.2314
03/01/11,3.2278
02/28/11,3.1347
02/25/11,3.1494
02/24/11,3.1407
02/23/11,3.2126
02/22/11,3.2204
02/21/11,3.2518
02/18/11,3.2264
02/17/11,3.246
02/16/11,3.2176
02/15/11,3.2083
02/14/11,3.2164
02/11/11,3.1195
02/10/11,3.0899
02/09/11,3.1218
02/08/11,3.1495
02/07/11,3.1767
02/02/11,3.19
02/01/11,3.1665
01/31/11,3.2278
01/28/11,3.2617
01/27/11,3.3155
01/26/11,3.3727
01/25/11,3.3581
01/24/11,3.3888
01/21/11,3.3896
01/20/11,3.4495
01/19/11,3.4229
01/18/11,3.4363
01/17/11,3.4175
01/14/11,3.4312
01/13/11,3.453
01/12/11,3.4859
01/11/11,3.4729
01/10/11,3.4714
01/07/11,3.5003
01/06/11,3.5762
01/05/11,3.5885
01/04/11,3.6053
01/03/11,3.587
12/31/10,3.5688
12/30/10,3.5575
12/29/10,3.5415
12/28/10,3.5099
12/27/10,3.5056
12/24/10,3.52
12/23/10,3.5279
12/22/10,3.5316
12/21/10,3.5195
12/20/10,3.5111
12/17/10,3.5277
12/16/10,3.5227
12/15/10,3.5066
12/14/10,3.5248
12/13/10,3.498
12/10/10,3.4998
12/09/10,3.4685
12/08/10,3.5534
12/07/10,3.557
12/06/10,3.5449
12/03/10,3.5338
12/02/10,3.5468
12/01/10,3.5448
11/30/10,3.5031
11/29/10,3.4814
11/26/10,3.4619
11/25/10,3.4678
11/24/10,3.4853
11/23/10,3.5237
11/22/10,3.5347
11/19/10,3.5153
11/18/10,3.5508
11/16/10,3.551
11/15/10,3.6045
11/12/10,3.6061
11/11/10,3.6605
11/10/10,3.6956
11/09/10,3.6846
11/08/10,3.6629
11/04/10,3.638
11/03/10,3.6196
11/02/10,3.5865
11/01/10,3.5854
10/29/10,3.5459
10/28/10,3.5855
10/27/10,3.5868
10/26/10,3.5891
10/25/10,3.5918
10/22/10,3.5705
10/21/10,3.589
10/20/10,3.5466
10/19/10,3.5854
10/18/10,3.565
10/15/10,3.5945
10/14/10,3.636
10/13/10,3.6371
10/12/10,3.5871
10/11/10,3.6208
10/08/10,3.617
10/07/10,3.6506
10/06/10,3.6548
10/05/10,3.6298
10/04/10,3.6446
10/01/10,3.6473
09/30/10,3.6072
09/29/10,3.5683
09/28/10,3.5766
09/27/10,3.5921
09/24/10,3.5852
09/23/10,3.5354
09/22/10,3.5499
09/21/10,3.5576
09/20/10,3.5313
09/17/10,3.498
09/16/10,3.4173
09/15/10,3.4141
09/14/10,3.3903
09/13/10,3.3883
09/09/10,3.3609
09/08/10,3.3456
09/07/10,3.3351
09/06/10,3.3238
09/03/10,3.2811
09/02/10,3.2439
09/01/10,3.2286
08/31/10,3.2178
08/30/10,3.208
08/27/10,3.1984
08/26/10,3.2411
08/25/10,3.2514
08/24/10,3.2676
08/23/10,3.2827
08/20/10,3.2722
08/19/10,3.2994
08/18/10,3.2501
08/17/10,3.2186
08/16/10,3.21
08/13/10,3.2142
08/12/10,3.1974
08/11/10,3.231
08/10/10,3.2493
08/06/10,3.237
08/05/10,3.236
08/04/10,3.2505
08/03/10,3.2307
08/02/10,3.2174
07/30/10,3.1935
07/29/10,3.2179
07/28/10,3.2157
07/27/10,3.2072
07/26/10,3.1777
07/23/10,3.2064
07/22/10,3.1834
07/21/10,3.1734
07/20/10,3.1589
07/19/10,3.1906
07/16/10,3.213
07/15/10,3.2
07/14/10,3.1888
07/13/10,3.2116
07/12/10,3.2345
07/09/10,3.2241
07/08/10,3.1879
07/07/10,3.1571
07/06/10,3.1816
07/05/10,3.1839
07/02/10,3.1701
07/01/10,3.1969
06/30/10,3.2142
06/29/10,3.2039
06/28/10,3.2221
06/25/10,3.1817
06/24/10,3.2225
06/23/10,3.224
06/22/10,3.1668
06/21/10,3.1822
06/18/10,3.1356
06/17/10,3.147
06/16/10,3.1441
06/15/10,3.1397
06/14/10,3.1389
06/11/10,3.1057
06/10/10,3.1105
06/09/10,3.0855
06/08/10,3.07
06/07/10,3.0461
06/04/10,3.1094
06/03/10,3.0867
06/02/10,3.0492
06/01/10,2.9976
05/31/10,3.0519
05/27/10,2.9965
05/26/10,2.9404
05/25/10,2.9185
05/24/10,2.9795
05/21/10,2.9971
05/20/10,3.0434
05/19/10,3.0371
05/18/10,3.119
05/17/10,3.1092
05/14/10,3.1191
05/13/10,3.1179
05/12/10,3.08
05/11/10,3.0887
05/10/10,3.1483
05/07/10,3.0833
05/06/10,3.1458
05/05/10,3.1719
05/04/10,3.1372
05/03/10,3.1398
04/30/10,3.1801
04/29/10,3.154
04/28/10,3.1731
04/27/10,3.2032
04/26/10,3.1948
04/23/10,3.1877
04/22/10,3.1855
04/21/10,3.1811
04/20/10,3.1742
04/19/10,3.1715
04/16/10,3.1907
04/15/10,3.1985
04/14/10,3.223
04/13/10,3.2384
04/12/10,3.2315
04/09/10,3.2489
04/08/10,3.234
04/07/10,3.2525
04/06/10,3.2464
04/05/10,3.2645
04/01/10,3.1858
03/31/10,3.1681
03/30/10,3.1542
03/29/10,3.1829
03/26/10,3.1726
03/25/10,3.1538
03/24/10,3.15
03/23/10,3.1249
03/22/10,3.1334
03/19/10,3.1398
03/18/10,3.1326
03/17/10,3.1369
03/16/10,3.1093
03/15/10,3.0903
03/12/10,3.0937
03/11/10,3.0964
03/10/10,3.101
03/09/10,3.0884
03/08/10,3.1012
03/05/10,3.0622
03/04/10,3.0422
03/03/10,3.0357
03/02/10,3.0025
03/01/10,2.9712
02/26/10,2.958
02/25/10,2.9336
02/24/10,2.9302
02/23/10,2.9469
02/22/10,2.9394
02/19/10,2.9584
02/18/10,2.9593
02/17/10,2.9635
02/12/10,2.967
02/11/10,2.9607
02/10/10,2.9607
02/09/10,2.9715
02/08/10,2.9387
02/05/10,2.9027
02/04/10,2.9657
02/03/10,3.0027
02/02/10,2.9504
02/01/10,2.9782
01/29/10,2.9332
01/28/10,2.9316
01/27/10,2.9218
01/26/10,2.9974
01/25/10,2.9764
01/22/10,2.9916
01/21/10,3.0251
01/20/10,3.0703
01/19/10,3.0437
01/18/10,3.0906
01/15/10,3.09
01/14/10,3.0922
01/13/10,3.0864
01/12/10,3.0641
01/11/10,3.0901
01/08/10,3.0651
01/07/10,3.0771
01/06/10,3.0866
01/05/10,3.0588
01/04/10,3.0231
12/31/09,3.0005
12/30/09,2.9829
12/29/09,2.9588
12/28/09,2.9649
12/24/09,2.9636
12/23/09,2.9525
12/22/09,2.9078
12/21/09,2.8864
12/18/09,2.889
12/17/09,2.9017
12/16/09,2.8786
12/15/09,2.8587
12/14/09,2.8798
12/11/09,2.9008
12/10/09,2.9033
12/09/09,2.9039
12/08/09,2.9145
12/07/09,2.8686
12/04/09,2.884
12/03/09,2.8652
12/02/09,2.8364
12/01/09,2.8414
11/30/09,2.8043
11/26/09,2.788
11/25/09,2.8081
11/24/09,2.812
11/23/09,2.7956
11/20/09,2.7875
11/19/09,2.7666
11/18/09,2.8031
11/17/09,2.8096
11/16/09,2.8121
11/13/09,2.796
11/12/09,2.7887
11/11/09,2.8016
11/10/09,2.7556
11/09/09,2.7636
11/06/09,2.723
11/05/09,2.7009
11/04/09,2.6853
11/03/09,2.6469
11/02/09,2.7
10/30/09,2.6963
10/29/09,2.6964
10/28/09,2.7152
10/27/09,2.7276
10/26/09,2.7694
10/23/09,2.7926
10/22/09,2.7566
10/21/09,2.7719
10/20/09,2.8174
10/19/09,2.8227
10/16/09,2.8139
10/15/09,2.8187
10/14/09,2.8271
10/13/09,2.8155
10/12/09,2.7894
10/09/09,2.7339
10/08/09,2.749
10/07/09,2.7648
10/06/09,2.748
10/05/09,2.7501
10/02/09,2.7877
10/01/09,2.7745
09/30/09,2.7594
09/29/09,2.7583
09/28/09,2.7429
09/25/09,2.7246
09/24/09,2.7215
09/23/09,2.7168
09/22/09,2.7456
09/18/09,2.7351
09/17/09,2.7145
09/16/09,2.6903
09/15/09,2.6536
09/14/09,2.6322
09/11/09,2.6439
09/10/09,2.6479
09/09/09,2.6406
09/08/09,2.6492
09/07/09,2.661
09/04/09,2.631
09/03/09,2.6082
09/02/09,2.6054
09/01/09,2.6133
08/31/09,2.6237
08/28/09,2.6117
08/27/09,2.621
08/26/09,2.6108
08/25/09,2.5839
08/24/09,2.5798
08/21/09,2.5415
08/20/09,2.5155
08/19/09,2.5028
08/18/09,2.5317
08/17/09,2.5034
08/14/09,2.5767
08/13/09,2.6035
08/12/09,2.549
08/11/09,2.5744
08/07/09,2.5836
08/06/09,2.6323
08/05/09,2.6876
08/04/09,2.6776
08/03/09,2.6864
07/31/09,2.6378
07/30/09,2.5866
07/29/09,2.5577
07/28/09,2.5836
07/27/09,2.5777
07/24/09,2.5435
07/23/09,2.505
07/22/09,2.4379
07/21/09,2.4654
07/20/09,2.4825
07/17/09,2.4193
07/16/09,2.364
07/15/09,2.3589
07/14/09,2.3369
07/13/09,2.2729
07/10/09,2.2947
07/09/09,2.3103
07/08/09,2.2942
07/07/09,2.3296
07/06/09,2.3051
07/03/09,2.3834
07/02/09,2.3546
07/01/09,2.3307
06/30/09,2.3278
06/29/09,2.3399
06/26/09,2.3322
06/25/09,2.2876
06/24/09,2.3058
06/23/09,2.2624
06/22/09,2.2727
06/19/09,2.3172
06/18/09,2.2938
06/17/09,2.3312
06/16/09,2.3886
06/15/09,2.3694
06/12/09,2.3806
06/11/09,2.4038
06/10/09,2.4158
06/09/09,2.3617
06/08/09,2.2807
06/05/09,2.3426
06/04/09,2.3074
06/03/09,2.2809
06/02/09,2.2394
06/01/09,2.2141
05/29/09,2.174
05/28/09,2.1356
05/27/09,2.1237
05/26/09,2.0789
05/22/09,2.1238
05/21/09,2.1455
05/20/09,2.1463
05/19/09,2.1044
05/18/09,2.1488
05/15/09,1.8748
05/14/09,1.8404
05/13/09,1.8491
05/12/09,1.8684
05/11/09,1.8428
05/08/09,1.8679
05/07/09,1.8932
05/06/09,1.8801
05/05/09,1.8748
05/04/09,1.935
04/30/09,1.8154
04/29/09,1.8162
04/28/09,1.7789
04/27/09,1.8153
04/24/09,1.822
04/23/09,1.8064
04/22/09,1.7725
04/21/09,1.7853
04/20/09,1.7968
04/17/09,1.7974
04/16/09,1.7858
04/15/09,1.8235
04/14/09,1.7714
04/13/09,1.7933
04/09/09,1.7632
04/08/09,1.7537
04/07/09,1.7325
04/06/09,1.7236
04/03/09,1.6952
04/02/09,1.6857
04/01/09,1.6604
03/31/09,1.6451
03/30/09,1.613
03/27/09,1.6491
03/26/09,1.6355
03/25/09,1.6006
03/24/09,1.6014
03/23/09,1.6086
03/20/09,1.5712
03/19/09,1.564
03/17/09,1.5582
03/16/09,1.5734
03/13/09,1.5586
03/11/09,1.5088
03/10/09,1.4992
03/09/09,1.5055
03/06/09,1.5236
03/05/09,1.5177
03/04/09,1.5357
03/03/09,1.5147
03/02/09,1.547
02/27/09,1.5858
02/26/09,1.5945
02/25/09,1.5978
02/24/09,1.5879
02/23/09,1.6068
02/20/09,1.6109
02/19/09,1.6241
02/18/09,1.6118
02/17/09,1.6305
02/16/09,1.6588
02/13/09,1.6846
02/12/09,1.6743
02/11/09,1.6723
02/10/09,1.6619
02/09/09,1.65
02/06/09,1.6318
02/05/09,1.6168
02/04/09,1.6383
02/03/09,1.6353
02/02/09,1.6405
01/30/09,1.67
01/29/09,1.6517
01/28/09,1.651
01/23/09,1.5959
01/22/09,1.6104
01/21/09,1.6161
01/20/09,1.6494
01/19/09,1.6669
01/16/09,1.649
01/15/09,1.6353
01/14/09,1.6639
01/13/09,1.6275
01/12/09,1.634
01/09/09,1.6501
01/08/09,1.633
01/07/09,1.618
01/06/09,1.665
01/05/09,1.6457
01/02/09,1.6095
12/31/08,1.5665
12/30/08,1.5748
12/29/08,1.5502
12/26/08,1.5222
12/24/08,1.571
12/23/08,1.5658
12/22/08,1.6209
12/19/08,1.6615
12/18/08,1.6207
12/17/08,1.5848
12/16/08,1.6244
12/15/08,1.6105
12/12/08,1.5838
12/11/08,1.586
12/10/08,1.5873
12/09/08,1.5288
12/05/08,1.5137
12/04/08,1.5375
12/03/08,1.5031
12/02/08,1.5044
12/01/08,1.5204
11/28/08,1.5187
