08/07/17,1.0949
08/04/17,1.0905
08/03/17,1.0896
08/02/17,1.0904
08/01/17,1.0908
07/31/17,1.0896
07/28/17,1.0839
07/27/17,1.0845
07/26/17,1.0847
07/25/17,1.0884
07/24/17,1.0923
07/21/17,1.0882
07/20/17,1.0863
07/19/17,1.0792
07/18/17,1.077
07/17/17,1.0791
07/14/17,1.082
07/13/17,1.0768
07/12/17,1.0689
07/11/17,1.0677
07/10/17,1.0718
07/07/17,1.0659
07/06/17,1.0706
07/05/17,1.0766
07/04/17,1.0756
07/03/17,1.0775
06/30/17,1.0782
06/29/17,1.0887
06/28/17,1.0995
06/27/17,1.099
06/23/17,1.0918
06/22/17,1.0937
06/21/17,1.0954
06/20/17,1.1034
06/19/17,1.1041
06/16/17,1.1006
06/15/17,1.0942
06/14/17,1.0931
06/13/17,1.0894
06/12/17,1.0928
06/09/17,1.093
06/08/17,1.1008
06/07/17,1.1037
06/06/17,1.0987
06/05/17,1.1077
06/02/17,1.1047
06/01/17,1.1048
05/31/17,1.1001
05/30/17,1.093
05/29/17,1.092
05/26/17,1.0864
05/25/17,1.0892
05/24/17,1.0862
05/23/17,1.0866
05/22/17,1.079
05/19/17,1.0702
05/18/17,1.0741
05/17/17,1.0765
05/16/17,1.0817
05/15/17,1.0769
05/12/17,1.0769
05/11/17,1.0788
05/09/17,1.087
05/08/17,1.0807
05/05/17,1.0729
05/04/17,1.0715
05/03/17,1.0664
05/02/17,1.0661
04/28/17,1.066
04/27/17,1.0617
04/26/17,1.0663
04/25/17,1.0605
04/24/17,1.0519
04/21/17,1.0501
04/20/17,1.0534
04/19/17,1.0533
04/18/17,1.0656
04/17/17,1.0646
04/13/17,1.0541
04/12/17,1.0547
04/11/17,1.0602
04/10/17,1.054
04/07/17,1.05
04/06/17,1.0537
04/05/17,1.0495
04/04/17,1.0442
04/03/17,1.0418
03/31/17,1.0597
03/30/17,1.0596
03/29/17,1.0572
03/28/17,1.0523
03/27/17,1.0523
03/24/17,1.0525
03/23/17,1.0522
03/22/17,1.0482
03/21/17,1.0465
03/20/17,1.0401
03/17/17,1.0441
03/16/17,1.0511
03/15/17,1.0388
03/14/17,1.0438
03/13/17,1.0418
03/10/17,1.0372
03/09/17,1.039
03/08/17,1.0471
03/07/17,1.0429
03/06/17,1.0423
03/03/17,1.0498
03/02/17,1.0436
03/01/17,1.0458
02/28/17,1.0361
02/27/17,1.0405
02/24/17,1.0327
02/23/17,1.0404
02/22/17,1.0434
02/21/17,1.0403
02/20/17,1.0357
02/17/17,1.0374
02/16/17,1.0216
02/15/17,1.0284
02/14/17,1.0296
02/13/17,1.0246
02/10/17,1.0205
02/09/17,1.0145
02/08/17,1.0061
02/07/17,1.0058
02/06/17,0.9972
02/03/17,0.9928
02/02/17,0.9772
02/01/17,0.9999
01/31/17,1.0077
01/27/17,1.0176
01/26/17,1.0155
01/25/17,1.0135
01/24/17,1.0127
01/23/17,1.0154
01/20/17,1.0123
01/19/17,1.0152
01/18/17,1.0204
01/17/17,1.021
01/16/17,1.0135
01/13/17,1.0153
01/12/17,1.0043
01/11/17,1.0045
01/10/17,1.0116
01/09/17,1.0139
01/06/17,1.0137
01/05/17,1.0171
01/04/17,1.0114
01/03/17,1.0114
12/30/16,1.0187
12/29/16,1.0086
12/28/16,1.0169
12/27/16,1.016
12/23/16,1.0139
12/22/16,1.0091
12/21/16,1.0084
12/20/16,1.009
12/19/16,1.0074
12/16/16,1.0014
12/15/16,0.9857
12/14/16,1.0034
12/13/16,0.9905
12/12/16,0.9878
12/09/16,0.983
12/08/16,0.9744
12/07/16,0.9673
12/06/16,0.9633
12/05/16,0.9609
12/02/16,0.963
12/01/16,0.974
11/30/16,0.9957
11/29/16,0.9884
11/28/16,0.9864
11/25/16,0.976
11/24/16,0.9767
11/23/16,0.9851
11/22/16,0.9748
11/21/16,0.973
11/18/16,0.96
11/17/16,0.9599
11/16/16,0.96
11/15/16,0.951
11/14/16,0.9491
11/11/16,0.9596
11/10/16,0.9838
11/09/16,0.9858
11/08/16,0.9801
11/07/16,0.9688
11/04/16,0.9706
11/03/16,0.967
11/02/16,0.9755
11/01/16,0.9881
10/31/16,0.9865
10/28/16,0.9851
10/27/16,0.9873
10/26/16,0.9937
10/25/16,0.9867
10/24/16,0.9919
10/21/16,0.9916
10/20/16,0.9949
10/19/16,0.9887
10/18/16,0.9873
10/17/16,0.9805
10/14/16,0.9819
10/13/16,0.973
10/12/16,0.9665
10/11/16,0.972
10/10/16,0.9675
10/07/16,0.976
10/06/16,0.9729
10/05/16,0.9787
10/04/16,0.9911
10/03/16,0.9942
09/30/16,1.0095
09/29/16,1.0151
09/28/16,1.0105
09/27/16,1.0145
09/26/16,1.0148
09/23/16,1.0151
09/22/16,1.0136
09/21/16,0.9973
09/20/16,0.9984
09/19/16,0.9949
09/16/16,0.9898
09/15/16,0.9869
09/14/16,0.9912
09/13/16,0.9991
09/09/16,1.0194
09/08/16,1.0122
09/07/16,1.0077
09/06/16,1.0063
09/05/16,1.0025
09/02/16,1.0001
09/01/16,0.9986
08/31/16,0.9907
08/30/16,1.0011
08/29/16,0.9944
08/26/16,0.9983
08/25/16,1.0032
08/24/16,1.0082
08/23/16,1.0048
08/22/16,1.0054
08/19/16,0.9992
08/18/16,0.9949
08/17/16,0.991
08/16/16,0.9962
08/15/16,0.998
08/12/16,1.0008
08/11/16,0.9957
08/10/16,0.9915
08/08/16,0.998
08/05/16,0.9949
08/04/16,0.9855
08/03/16,0.9807
08/02/16,0.9913
08/01/16,0.9925
07/29/16,1.0057
07/28/16,1
07/27/16,1.0098
07/26/16,1.0143
07/25/16,1.0174
07/22/16,1.0062
07/21/16,1.0134
07/20/16,1.0135
07/19/16,1.0046
07/18/16,1.007
07/15/16,0.9907
07/14/16,0.993
07/13/16,0.99
07/12/16,1.0017
07/11/16,0.9963
07/08/16,0.9801
07/07/16,0.9843
07/05/16,0.9848
07/04/16,0.9939
07/01/16,0.987
06/30/16,0.9701
06/29/16,0.9707
06/28/16,0.9591
06/27/16,0.9563
06/24/16,0.9552
06/23/16,0.9713
06/22/16,0.9741
06/21/16,0.9665
06/20/16,0.9718
06/17/16,0.9615
06/16/16,0.9501
06/15/16,0.9614
06/14/16,0.958
06/13/16,0.9747
06/10/16,0.9743
06/09/16,0.9808
06/08/16,0.9749
06/07/16,0.9745
06/06/16,0.979
06/03/16,0.971
06/02/16,0.9715
06/01/16,0.9701
05/31/16,0.9691
05/30/16,0.972
05/27/16,0.9688
05/26/16,0.9658
05/25/16,0.9712
05/24/16,0.9616
05/23/16,0.9635
05/20/16,0.9586
05/19/16,0.9568
05/18/16,0.9787
05/17/16,0.9709
05/16/16,0.9695
05/13/16,0.9681
05/12/16,0.9736
05/11/16,0.9728
05/10/16,0.9701
05/09/16,0.9631
05/06/16,0.9553
05/05/16,0.9624
05/04/16,0.9556
05/03/16,0.9534
04/29/16,0.9534
04/28/16,0.9556
04/27/16,0.9458
04/26/16,0.9479
04/25/16,0.9498
04/22/16,0.9459
04/21/16,0.9476
04/20/16,0.9551
04/19/16,0.9465
04/18/16,0.9545
04/15/16,0.9521
04/14/16,0.9568
04/13/16,0.9471
04/12/16,0.9292
04/11/16,0.9355
04/08/16,0.9283
04/07/16,0.9294
04/06/16,0.9252
04/05/16,0.933
04/04/16,0.9466
04/01/16,0.934
03/31/16,0.9542
03/30/16,0.9566
03/29/16,0.9524
03/28/16,0.9609
03/24/16,0.954
03/23/16,0.9502
03/22/16,0.9492
03/21/16,0.9562
03/18/16,0.9575
03/17/16,0.9468
03/16/16,0.9455
03/15/16,0.95
03/14/16,0.9521
03/11/16,0.9457
03/10/16,0.9441
03/09/16,0.9321
03/08/16,0.9377
03/07/16,0.9351
03/04/16,0.9323
03/03/16,0.9343
03/02/16,0.9333
03/01/16,0.9227
02/29/16,0.9253
02/26/16,0.9233
02/25/16,0.9179
02/24/16,0.9159
02/23/16,0.9262
02/22/16,0.9127
02/19/16,0.9144
02/18/16,0.9132
02/17/16,0.9059
02/16/16,0.8929
02/15/16,0.8954
02/12/16,0.8735
02/11/16,0.8879
02/10/16,0.8914
02/05/16,0.9181
02/04/16,0.9133
02/03/16,0.9223
02/02/16,0.9098
02/01/16,0.9161
01/29/16,0.8939
01/28/16,0.8949
01/27/16,0.8868
01/26/16,0.8792
01/25/16,0.8887
01/22/16,0.8715
01/21/16,0.8585
01/20/16,0.8763
01/19/16,0.8687
01/18/16,0.8737
01/15/16,0.8918
01/14/16,0.8845
01/13/16,0.8997
01/12/16,0.8932
01/11/16,0.8935
01/08/16,0.8985
01/07/16,0.9082
01/06/16,0.922
01/05/16,0.9149
01/04/16,0.9146
12/31/15,0.9193
12/30/15,0.9293
12/29/15,0.9229
12/28/15,0.9187
12/24/15,0.9201
12/23/15,0.9042
12/22/15,0.8919
12/21/15,0.8944
12/18/15,0.9049
12/17/15,0.9139
12/16/15,0.893
12/15/15,0.8845
12/14/15,0.8888
12/11/15,0.904
12/10/15,0.9016
12/09/15,0.9016
12/08/15,0.9023
12/07/15,0.9066
12/04/15,0.9026
12/03/15,0.9232
12/02/15,0.93
12/01/15,0.9278
11/30/15,0.9316
11/27/15,0.9349
11/26/15,0.9345
11/25/15,0.9355
11/24/15,0.9349
11/23/15,0.9484
11/20/15,0.9428
11/19/15,0.9469
11/18/15,0.9369
11/17/15,0.942
11/16/15,0.927
11/13/15,0.9319
11/12/15,0.9428
11/11/15,0.9443
11/09/15,0.9419
11/06/15,0.9563
11/05/15,0.9557
11/04/15,0.9603
11/03/15,0.9532
11/02/15,0.9503
10/30/15,0.9569
10/29/15,0.9522
10/28/15,0.9456
10/27/15,0.9533
10/26/15,0.9609
10/23/15,0.9662
10/22/15,0.9523
10/21/15,0.96
10/20/15,0.9539
10/19/15,0.9527
10/16/15,0.9506
10/15/15,0.938
10/14/15,0.9426
10/13/15,0.9519
10/12/15,0.9516
10/09/15,0.9517
10/08/15,0.9495
10/07/15,0.9483
10/06/15,0.9591
10/05/15,0.9424
10/02/15,0.9334
10/01/15,0.9289
09/30/15,0.9177
09/29/15,0.9207
09/28/15,0.9377
09/25/15,0.9259
09/23/15,0.9264
09/22/15,0.9328
09/21/15,0.9299
09/18/15,0.9309
09/17/15,0.9297
09/16/15,0.9237
09/15/15,0.913
09/14/15,0.9173
09/10/15,0.9301
09/09/15,0.9382
09/08/15,0.9242
09/07/15,0.9261
09/04/15,0.9294
09/03/15,0.9223
09/02/15,0.9261
09/01/15,0.9393
08/31/15,0.9386
08/28/15,0.9423
08/27/15,0.92
08/26/15,0.9086
08/25/15,0.9186
08/24/15,0.9501
08/21/15,0.9701
08/20/15,0.9826
08/19/15,0.9873
08/18/15,0.991
08/17/15,0.9915
08/14/15,0.9868
08/13/15,0.9831
08/12/15,0.9835
08/11/15,0.9833
08/06/15,0.9605
08/05/15,0.9673
08/04/15,0.9668
08/03/15,0.9652
07/31/15,0.9561
07/30/15,0.957
07/29/15,0.9492
07/28/15,0.9399
07/27/15,0.9428
07/24/15,0.9485
07/23/15,0.9506
07/22/15,0.9558
07/21/15,0.9568
07/20/15,0.9652
07/16/15,0.9562
07/15/15,0.9562
07/14/15,0.9497
07/13/15,0.9446
07/10/15,0.9317
07/09/15,0.9292
07/08/15,0.9297
07/07/15,0.927
07/06/15,0.9313
07/03/15,0.933
07/02/15,0.9317
07/01/15,0.9315
06/30/15,0.9263
06/29/15,0.9353
06/26/15,0.9397
06/25/15,0.9458
06/24/15,0.9497
06/23/15,0.9502
06/22/15,0.9452
06/19/15,0.949
06/18/15,0.936
06/17/15,0.9369
06/16/15,0.9365
06/15/15,0.9421
06/12/15,0.948
06/11/15,0.9475
06/10/15,0.9417
06/09/15,0.9437
06/08/15,0.9521
06/05/15,0.9539
06/04/15,0.9527
06/03/15,0.963
06/02/15,0.9714
05/29/15,0.9702
05/28/15,0.972
05/27/15,0.9677
05/26/15,0.9742
05/25/15,0.968
05/22/15,0.9679
05/21/15,0.9733
05/20/15,0.9783
05/19/15,0.9762
05/18/15,0.971
05/15/15,0.965
05/14/15,0.9501
05/13/15,0.9624
05/12/15,0.9632
05/11/15,0.9738
05/08/15,0.9577
05/07/15,0.9527
05/06/15,0.9553
05/05/15,0.9768
05/04/15,0.9606
04/30/15,0.966
04/29/15,0.9747
04/28/15,0.9694
04/27/15,0.9813
04/24/15,0.9792
04/23/15,0.9803
04/22/15,0.9755
04/21/15,0.983
04/20/15,0.9701
04/17/15,0.9703
04/16/15,0.9792
04/15/15,0.9772
04/14/15,0.9793
04/13/15,0.9875
04/10/15,0.979
04/09/15,0.9686
04/08/15,0.9734
04/07/15,0.9735
04/06/15,0.9748
04/02/15,0.9612
04/01/15,0.9626
03/31/15,0.9779
03/30/15,0.979
03/27/15,0.9761
03/26/15,0.9758
03/25/15,0.9928
03/24/15,0.9941
03/23/15,0.9927
03/20/15,0.9968
03/19/15,0.9844
03/18/15,0.9811
03/17/15,0.9733
03/16/15,0.9644
03/13/15,0.9652
03/12/15,0.9544
03/11/15,0.9538
03/10/15,0.9678
03/09/15,0.9645
03/06/15,0.9771
03/05/15,0.9754
03/04/15,0.9703
03/03/15,0.9794
03/02/15,0.9832
02/27/15,0.9794
02/26/15,0.9757
02/25/15,0.9798
02/24/15,0.983
02/23/15,0.987
02/18/15,0.9768
02/17/15,0.9689
02/16/15,0.9708
02/13/15,0.9705
02/12/15,0.9693
02/11/15,0.9644
02/10/15,0.9587
02/09/15,0.9563
02/06/15,0.9702
02/05/15,0.9681
02/04/15,0.9703
02/03/15,0.9627
02/02/15,0.9617
01/30/15,0.9661
01/29/15,0.9628
01/28/15,0.972
01/27/15,0.9701
01/26/15,0.9628
01/23/15,0.9602
01/22/15,0.9501
01/21/15,0.9487
01/20/15,0.9527
01/19/15,0.9421
01/16/15,0.9304
01/15/15,0.9326
01/14/15,0.9383
01/13/15,0.9387
01/12/15,0.9378
01/09/15,0.936
01/08/15,0.9306
01/07/15,0.9186
01/06/15,0.9158
01/05/15,0.9301
01/02/15,0.9294
12/31/14,0.9379
12/30/14,0.9424
12/29/14,0.9391
12/26/14,0.9389
12/24/14,0.9354
12/23/14,0.9281
12/22/14,0.9285
12/19/14,0.9216
12/18/14,0.9083
12/17/14,0.8856
12/16/14,0.8863
12/15/14,0.8978
12/12/14,0.9073
12/11/14,0.9128
12/10/14,0.9168
12/09/14,0.921
12/08/14,0.9248
12/05/14,0.927
12/04/14,0.9259
12/03/14,0.926
12/02/14,0.922
12/01/14,0.924
11/28/14,0.9182
11/27/14,0.9166
11/26/14,0.9188
11/25/14,0.9209
11/24/14,0.9233
11/21/14,0.9137
11/20/14,0.9126
11/19/14,0.9183
11/18/14,0.9088
11/17/14,0.9028
11/14/14,0.9066
11/13/14,0.9071
11/12/14,0.9105
11/11/14,0.9157
11/10/14,0.9083
11/07/14,0.9039
11/06/14,0.9097
11/05/14,0.9125
11/04/14,0.911
11/03/14,0.9053
10/31/14,0.8921
10/30/14,0.8874
10/29/14,0.8922
10/28/14,0.8876
10/27/14,0.8861
10/24/14,0.881
10/23/14,0.8776
10/21/14,0.8648
10/20/14,0.859
10/17/14,0.851
10/16/14,0.8455
10/15/14,0.8572
10/14/14,0.8498
10/13/14,0.8549
10/10/14,0.8556
10/09/14,0.87
10/08/14,0.8702
10/07/14,0.8754
10/03/14,0.868
10/02/14,0.8695
10/01/14,0.8779
09/30/14,0.8903
09/29/14,0.8887
09/26/14,0.8839
09/25/14,0.8922
09/24/14,0.8859
09/23/14,0.8913
09/22/14,0.9013
09/19/14,0.8977
09/18/14,0.9026
09/17/14,0.9
09/16/14,0.8929
09/15/14,0.8946
09/12/14,0.9035
09/11/14,0.9019
09/10/14,0.9091
09/09/14,0.9111
09/08/14,0.9153
09/05/14,0.9126
09/04/14,0.913
09/03/14,0.9129
09/02/14,0.9102
09/01/14,0.9091
08/29/14,0.9068
08/28/14,0.9065
08/27/14,0.9024
08/26/14,0.9037
08/25/14,0.908
08/22/14,0.9018
08/21/14,0.9005
08/20/14,0.899
08/19/14,0.8892
08/18/14,0.8868
08/15/14,0.8861
08/14/14,0.8803
08/13/14,0.8779
08/12/14,0.8813
08/11/14,0.8763
08/08/14,0.8652
08/07/14,0.8677
08/06/14,0.8669
08/05/14,0.8747
08/04/14,0.8778
08/01/14,0.8768
07/31/14,0.8931
07/30/14,0.8987
07/29/14,0.9008
07/25/14,0.9008
07/24/14,0.903
07/23/14,0.9017
07/22/14,0.898
07/21/14,0.8951
07/18/14,0.8905
07/17/14,0.8932
07/16/14,0.8942
07/15/14,0.8937
07/14/14,0.8921
07/11/14,0.8908
07/10/14,0.8899
07/09/14,0.8946
07/08/14,0.8975
07/07/14,0.9024
07/04/14,0.902
07/03/14,0.9058
07/02/14,0.9115
07/01/14,0.9072
06/30/14,0.9036
06/27/14,0.9017
06/26/14,0.9034
06/25/14,0.9005
06/24/14,0.9016
06/23/14,0.9008
06/20/14,0.9047
06/19/14,0.9086
06/18/14,0.8951
06/17/14,0.8959
06/16/14,0.8936
06/13/14,0.8917
06/12/14,0.8914
06/11/14,0.8955
06/10/14,0.8969
06/09/14,0.8973
06/06/14,0.8948
06/05/14,0.895
06/04/14,0.8952
06/03/14,0.8954
06/02/14,0.8975
05/30/14,0.8952
05/29/14,0.8921
05/28/14,0.8864
05/27/14,0.8877
05/26/14,0.8868
05/23/14,0.8816
05/22/14,0.8794
05/21/14,0.8775
05/20/14,0.8811
05/19/14,0.8808
05/16/14,0.8772
05/15/14,0.8835
05/14/14,0.8808
05/12/14,0.8813
05/09/14,0.8767
05/08/14,0.8808
05/07/14,0.8758
05/06/14,0.8804
05/05/14,0.8825
05/02/14,0.8809
04/30/14,0.8793
04/29/14,0.8793
04/28/14,0.8738
04/25/14,0.8747
04/24/14,0.8764
04/23/14,0.8768
04/22/14,0.8785
04/21/14,0.8734
04/17/14,0.8733
04/16/14,0.8685
04/15/14,0.8629
04/14/14,0.861
04/11/14,0.8621
04/10/14,0.8708
04/09/14,0.8683
04/08/14,0.8658
04/07/14,0.8744
04/04/14,0.8728
04/03/14,0.8723
04/02/14,0.8709
04/01/14,0.8719
03/31/14,0.8836
03/28/14,0.8826
03/27/14,0.877
03/26/14,0.8839
03/25/14,0.8793
03/24/14,0.8739
03/21/14,0.8746
03/20/14,0.8736
03/19/14,0.878
03/18/14,0.8706
03/17/14,0.8694
03/14/14,0.8665
03/13/14,0.8715
03/12/14,0.8699
03/11/14,0.8724
03/10/14,0.8754
03/07/14,0.8773
03/06/14,0.8718
03/05/14,0.8739
03/04/14,0.8699
03/03/14,0.8692
02/28/14,0.8743
02/27/14,0.8658
02/26/14,0.8646
02/25/14,0.8677
02/24/14,0.8669
02/21/14,0.8686
02/20/14,0.8568
02/19/14,0.8611
02/18/14,0.8575
02/17/14,0.8537
02/14/14,0.8533
02/13/14,0.847
02/12/14,0.8478
02/11/14,0.8449
02/10/14,0.8378
02/07/14,0.8338
02/06/14,0.8248
02/05/14,0.8223
02/04/14,0.8178
02/03/14,0.8218
01/30/14,0.8288
01/29/14,0.836
01/28/14,0.8307
01/27/14,0.8314
01/24/14,0.841
01/23/14,0.8468
01/22/14,0.8487
01/21/14,0.8437
01/20/14,0.8393
01/17/14,0.8393
01/16/14,0.8358
01/15/14,0.832
01/14/14,0.8287
01/13/14,0.8281
01/10/14,0.8279
01/09/14,0.8277
01/08/14,0.8295
01/07/14,0.8278
01/06/14,0.8278
01/03/14,0.8272
01/02/14,0.8251
12/31/13,0.8449
12/30/13,0.8464
12/27/13,0.841
12/26/13,0.8401
12/24/13,0.8374
12/23/13,0.8326
12/20/13,0.8284
12/19/13,0.8289
12/18/13,0.8192
12/17/13,0.8151
12/16/13,0.8113
12/13/13,0.8107
12/12/13,0.809
12/11/13,0.8187
12/10/13,0.8201
12/09/13,0.8183
12/06/13,0.8128
12/05/13,0.8149
12/04/13,0.8201
12/03/13,0.8222
12/02/13,0.8238
11/29/13,0.8312
11/28/13,0.8297
11/27/13,0.8266
11/26/13,0.8285
11/25/13,0.8256
11/22/13,0.8228
11/21/13,0.8238
11/20/13,0.8246
11/19/13,0.8314
11/18/13,0.8368
11/15/13,0.8323
11/14/13,0.8301
11/13/13,0.8243
11/12/13,0.8285
11/11/13,0.823
11/08/13,0.8206
11/07/13,0.8301
11/06/13,0.8259
11/05/13,0.8276
11/04/13,0.8246
11/01/13,0.8232
10/31/13,0.8314
10/30/13,0.8342
10/29/13,0.833
10/28/13,0.8343
10/25/13,0.8329
10/24/13,0.8342
10/23/13,0.8349
10/22/13,0.8346
10/21/13,0.834
10/18/13,0.8278
10/17/13,0.8254
10/16/13,0.813
10/14/13,0.8186
10/11/13,0.8168
10/10/13,0.8113
10/09/13,0.8058
10/08/13,0.8086
10/07/13,0.8069
10/04/13,0.8088
10/03/13,0.8131
10/02/13,0.8145
10/01/13,0.8126
09/30/13,0.8135
09/27/13,0.8182
09/26/13,0.8121
09/25/13,0.8153
09/24/13,0.8122
09/23/13,0.809
09/20/13,0.8121
09/19/13,0.8111
09/18/13,0.804
09/17/13,0.8044
09/16/13,0.8043
09/13/13,0.8068
09/12/13,0.8045
09/11/13,0.8065
09/10/13,0.8001
09/09/13,0.7925
09/06/13,0.7889
09/05/13,0.7886
09/04/13,0.7825
09/03/13,0.7822
09/02/13,0.7804
08/30/13,0.7768
08/29/13,0.7778
08/28/13,0.7834
08/27/13,0.7885
08/26/13,0.7837
08/23/13,0.7888
08/22/13,0.7873
08/21/13,0.7893
08/20/13,0.784
08/19/13,0.7903
08/16/13,0.7866
08/15/13,0.7924
08/14/13,0.7957
08/13/13,0.7922
08/12/13,0.7891
08/07/13,0.7906
08/06/13,0.7963
08/05/13,0.7968
08/02/13,0.8047
08/01/13,0.7936
07/31/13,0.7913
07/30/13,0.7913
07/29/13,0.7907
07/26/13,0.7915
07/25/13,0.7912
07/24/13,0.7993
07/23/13,0.7966
07/22/13,0.7926
07/19/13,0.7903
07/18/13,0.7861
07/17/13,0.7811
07/16/13,0.7839
07/15/13,0.7829
07/12/13,0.7817
07/11/13,0.7775
07/10/13,0.7624
07/09/13,0.772
07/08/13,0.7662
07/05/13,0.7654
07/04/13,0.7556
07/03/13,0.7606
07/02/13,0.7644
07/01/13,0.7667
06/28/13,0.7738
06/27/13,0.7665
06/26/13,0.7651
06/25/13,0.7519
06/24/13,0.7611
06/21/13,0.764
06/20/13,0.7773
06/19/13,0.7885
06/18/13,0.7876
06/17/13,0.7847
06/14/13,0.7741
06/13/13,0.7658
06/12/13,0.7751
06/11/13,0.7763
06/10/13,0.7804
06/07/13,0.7685
06/06/13,0.767
06/05/13,0.7694
06/04/13,0.7784
06/03/13,0.7772
05/31/13,0.7841
05/30/13,0.787
05/29/13,0.796
05/28/13,0.7986
05/27/13,0.7961
05/23/13,0.8001
05/22/13,0.8179
05/21/13,0.8128
05/20/13,0.8137
05/17/13,0.8048
05/16/13,0.8093
05/15/13,0.804
05/14/13,0.7985
05/13/13,0.8018
05/10/13,0.7997
05/09/13,0.8001
05/08/13,0.8064
05/07/13,0.7976
05/06/13,0.7942
05/03/13,0.8014
05/02/13,0.7977
04/30/13,0.8007
04/29/13,0.7929
04/26/13,0.7932
04/25/13,0.7925
04/24/13,0.7894
04/23/13,0.7824
04/22/13,0.7804
04/19/13,0.767
04/18/13,0.7694
04/17/13,0.7719
04/16/13,0.7706
04/15/13,0.7798
04/12/13,0.7823
04/11/13,0.7854
04/10/13,0.777
04/09/13,0.7725
04/08/13,0.7709
04/05/13,0.7724
04/04/13,0.7711
04/03/13,0.764
04/02/13,0.7579
04/01/13,0.7652
03/28/13,0.7624
03/27/13,0.7568
03/26/13,0.7575
03/25/13,0.7652
03/22/13,0.7674
03/21/13,0.7658
03/20/13,0.7647
03/19/13,0.7609
03/18/13,0.7568
03/15/13,0.7632
03/14/13,0.7619
03/13/13,0.7526
03/12/13,0.757
03/11/13,0.7572
03/08/13,0.752
03/07/13,0.7557
03/06/13,0.7577
03/05/13,0.7535
03/04/13,0.7486
03/01/13,0.7396
02/28/13,0.7447
02/27/13,0.7347
02/26/13,0.7328
02/25/13,0.7445
02/22/13,0.7382
02/21/13,0.7359
02/20/13,0.7449
02/19/13,0.7391
02/18/13,0.7374
02/15/13,0.7358
02/14/13,0.7352
02/13/13,0.7389
02/08/13,0.7403
02/07/13,0.7368
02/06/13,0.7339
02/05/13,0.7329
02/04/13,0.7437
02/01/13,0.7403
01/31/13,0.7418
01/30/13,0.7436
01/29/13,0.7368
01/28/13,0.7384
01/25/13,0.7369
01/24/13,0.7259
01/23/13,0.7287
01/22/13,0.729
01/21/13,0.7244
01/18/13,0.7214
01/17/13,0.7178
01/16/13,0.719
01/15/13,0.7242
01/14/13,0.7234
01/11/13,0.7242
01/10/13,0.722
01/09/13,0.7191
01/08/13,0.7223
01/07/13,0.7267
01/04/13,0.7245
01/03/13,0.7233
01/02/13,0.7197
12/31/12,0.7227
12/28/12,0.7239
12/27/12,0.7229
12/26/12,0.7244
12/24/12,0.7246
12/21/12,0.7256
12/20/12,0.7295
12/19/12,0.7297
12/18/12,0.725
12/17/12,0.7186
12/14/12,0.7184
12/13/12,0.7184
12/12/12,0.717
12/11/12,0.7152
12/10/12,0.7108
12/07/12,0.7098
12/06/12,0.7112
12/05/12,0.7103
12/04/12,0.7108
12/03/12,0.7148
11/30/12,0.7094
11/29/12,0.7111
11/28/12,0.7019
11/27/12,0.7031
11/26/12,0.7001
11/23/12,0.6995
11/22/12,0.6956
11/21/12,0.693
11/20/12,0.6924
11/19/12,0.6888
11/16/12,0.6849
11/15/12,0.6887
11/14/12,0.6913
11/12/12,0.698
11/09/12,0.698
11/08/12,0.7055
11/07/12,0.7189
11/06/12,0.7166
11/05/12,0.7169
11/02/12,0.7206
11/01/12,0.7211
10/31/12,0.7225
10/30/12,0.7187
10/29/12,0.7164
10/25/12,0.7206
10/24/12,0.7213
10/23/12,0.7237
10/22/12,0.7288
10/19/12,0.7327
10/18/12,0.7325
10/17/12,0.7294
10/16/12,0.7242
10/15/12,0.7196
10/12/12,0.7211
10/11/12,0.7211
10/10/12,0.721
10/09/12,0.7255
10/08/12,0.7267
10/05/12,0.7292
10/04/12,0.7286
10/03/12,0.722
10/02/12,0.7219
10/01/12,0.7211
09/28/12,0.7183
09/27/12,0.7215
09/26/12,0.7213
09/25/12,0.7237
09/24/12,0.7227
09/21/12,0.7245
09/20/12,0.7232
09/19/12,0.7235
09/18/12,0.7242
09/17/12,0.7311
09/14/12,0.7323
09/13/12,0.7259
09/12/12,0.728
09/11/12,0.7202
09/10/12,0.7254
09/07/12,0.7263
09/06/12,0.7143
09/05/12,0.7154
09/04/12,0.7166
09/03/12,0.7164
08/31/12,0.7187
08/30/12,0.7194
08/29/12,0.7214
08/28/12,0.7224
08/27/12,0.7166
08/24/12,0.7162
08/23/12,0.7214
08/22/12,0.7221
08/21/12,0.7238
08/17/12,0.7212
08/16/12,0.7158
08/15/12,0.7122
08/14/12,0.7109
08/13/12,0.7101
08/10/12,0.7084
08/08/12,0.7078
08/07/12,0.71
08/06/12,0.7087
08/03/12,0.699
08/02/12,0.6881
08/01/12,0.6848
07/31/12,0.7057
07/30/12,0.7061
07/27/12,0.6962
07/26/12,0.6877
07/25/12,0.6809
07/24/12,0.6902
07/23/12,0.6935
07/20/12,0.7026
07/19/12,0.7112
07/18/12,0.7062
07/17/12,0.7057
07/16/12,0.7093
07/13/12,0.7049
07/12/12,0.6997
07/11/12,0.7012
07/10/12,0.7022
07/09/12,0.7051
07/06/12,0.7071
07/05/12,0.7083
07/04/12,0.7091
07/03/12,0.7102
07/02/12,0.7138
06/29/12,0.7155
06/28/12,0.703
06/27/12,0.6959
06/26/12,0.6951
06/25/12,0.7001
06/22/12,0.6991
06/21/12,0.7044
06/20/12,0.708
06/19/12,0.7028
06/18/12,0.7045
06/15/12,0.7049
06/14/12,0.6943
06/13/12,0.6941
06/12/12,0.6965
06/11/12,0.6957
06/08/12,0.6887
06/07/12,0.6913
06/06/12,0.6795
06/05/12,0.6842
06/04/12,0.6845
06/01/12,0.6855
05/31/12,0.6832
05/30/12,0.689
05/29/12,0.6884
05/28/12,0.6912
05/25/12,0.6871
05/24/12,0.686
05/23/12,0.6876
05/22/12,0.6897
05/21/12,0.6863
05/18/12,0.6878
05/17/12,0.6858
05/16/12,0.6894
05/15/12,0.6978
05/14/12,0.7019
05/11/12,0.7036
05/10/12,0.7002
05/09/12,0.7003
05/08/12,0.7056
05/07/12,0.7099
05/04/12,0.709
05/03/12,0.7122
05/02/12,0.7084
04/30/12,0.7081
04/27/12,0.7078
04/26/12,0.7025
04/25/12,0.7028
04/24/12,0.6935
04/23/12,0.6964
04/20/12,0.7005
04/19/12,0.7064
04/18/12,0.7061
04/17/12,0.7035
04/16/12,0.6985
04/13/12,0.7
04/12/12,0.7019
04/11/12,0.7012
04/10/12,0.7081
04/09/12,0.7093
04/05/12,0.708
04/04/12,0.7151
04/03/12,0.7214
04/02/12,0.7197
03/30/12,0.7212
03/29/12,0.7205
03/28/12,0.7229
03/27/12,0.7276
03/26/12,0.7215
03/23/12,0.7229
03/22/12,0.7211
03/21/12,0.7248
03/20/12,0.7245
03/19/12,0.7239
03/16/12,0.7275
03/15/12,0.7232
03/14/12,0.7315
03/13/12,0.7238
03/12/12,0.7151
03/09/12,0.7117
03/08/12,0.7132
03/07/12,0.7096
03/06/12,0.7191
03/05/12,0.7222
03/02/12,0.7185
03/01/12,0.7171
02/29/12,0.7193
02/28/12,0.7171
02/27/12,0.7167
02/24/12,0.7206
02/23/12,0.7124
02/22/12,0.7134
02/21/12,0.7142
02/20/12,0.7141
02/17/12,0.7107
02/16/12,0.7077
02/15/12,0.7095
02/14/12,0.7086
02/13/12,0.7071
02/10/12,0.7049
02/09/12,0.697
02/08/12,0.6949
02/07/12,0.6909
02/06/12,0.6919
02/03/12,0.6847
02/02/12,0.6866
02/01/12,0.6896
01/31/12,0.6941
01/30/12,0.692
01/27/12,0.6934
01/26/12,0.6956
01/25/12,0.6912
01/20/12,0.6936
01/19/12,0.6909
01/18/12,0.6959
01/17/12,0.6947
01/16/12,0.6903
01/13/12,0.698
01/12/12,0.6983
01/11/12,0.6966
01/10/12,0.7006
01/09/12,0.7005
01/06/12,0.6953
01/05/12,0.6978
01/04/12,0.7085
01/03/12,0.7085
12/30/11,0.7278
12/29/11,0.719
12/28/11,0.7189
12/27/11,0.7282
12/23/11,0.7242
12/22/11,0.7169
12/21/11,0.7165
12/20/11,0.7069
12/19/11,0.7142
12/16/11,0.7124
12/15/11,0.7076
12/14/11,0.7109
12/13/11,0.7161
12/12/11,0.7263
12/09/11,0.7191
12/08/11,0.7259
12/07/11,0.7317
12/06/11,0.7236
12/05/11,0.7284
12/02/11,0.7234
12/01/11,0.7177
11/30/11,0.7045
11/29/11,0.7027
11/28/11,0.6886
11/25/11,0.6779
11/24/11,0.6877
11/23/11,0.6921
11/22/11,0.7013
11/21/11,0.704
11/18/11,0.7106
11/17/11,0.7158
11/16/11,0.7178
11/15/11,0.7146
11/14/11,0.725
11/11/11,0.7222
11/10/11,0.7132
11/09/11,0.7168
11/08/11,0.717
11/04/11,0.7211
11/03/11,0.7118
11/02/11,0.7049
11/01/11,0.7132
10/31/11,0.7308
10/28/11,0.7338
10/27/11,0.7295
10/25/11,0.7278
10/24/11,0.7229
10/21/11,0.7186
10/20/11,0.7097
10/19/11,0.719
10/18/11,0.7065
10/17/11,0.7236
10/14/11,0.7179
10/13/11,0.7241
10/12/11,0.722
10/11/11,0.7152
10/10/11,0.7082
10/07/11,0.7112
10/06/11,0.7037
10/05/11,0.6905
10/04/11,0.6921
10/03/11,0.7038
09/30/11,0.7103
09/29/11,0.709
09/28/11,0.7112
09/27/11,0.6986
09/26/11,0.6908
09/23/11,0.6742
09/22/11,0.6879
09/21/11,0.7003
09/20/11,0.6914
09/19/11,0.6893
09/16/11,0.689
09/15/11,0.6834
09/14/11,0.6712
09/13/11,0.6567
09/12/11,0.6523
09/09/11,0.6722
09/08/11,0.6785
09/07/11,0.6653
09/06/11,0.6622
09/05/11,0.6646
09/02/11,0.6805
09/01/11,0.6827
08/31/11,0.6818
08/29/11,0.6813
08/26/11,0.6592
08/25/11,0.67
08/24/11,0.6578
08/23/11,0.6567
08/22/11,0.6527
08/19/11,0.6347
08/18/11,0.6522
08/17/11,0.659
08/16/11,0.6507
08/15/11,0.6515
08/12/11,0.6431
08/11/11,0.6248
08/10/11,0.6417
08/08/11,0.6446
08/05/11,0.66
08/04/11,0.6774
08/03/11,0.6852
08/02/11,0.6879
08/01/11,0.6966
07/29/11,0.7205
07/28/11,0.7156
07/27/11,0.7241
07/26/11,0.7284
07/25/11,0.7267
07/22/11,0.7303
07/21/11,0.7142
07/20/11,0.7111
07/19/11,0.7089
07/18/11,0.7047
07/15/11,0.7133
07/14/11,0.7165
07/13/11,0.7196
07/12/11,0.7133
07/11/11,0.724
07/08/11,0.7348
07/07/11,0.7298
07/06/11,0.7331
07/05/11,0.7396
07/04/11,0.7401
07/01/11,0.739
06/30/11,0.7391
06/29/11,0.7307
06/28/11,0.7244
06/27/11,0.7214
06/24/11,0.7192
06/23/11,0.7241
06/22/11,0.7245
06/21/11,0.722
06/20/11,0.7154
06/17/11,0.7148
06/16/11,0.7158
06/15/11,0.7248
06/14/11,0.7276
06/13/11,0.7249
06/10/11,0.7269
06/09/11,0.7269
06/08/11,0.7299
06/07/11,0.7335
06/06/11,0.7281
06/03/11,0.7356
06/02/11,0.7363
06/01/11,0.7469
05/31/11,0.7379
05/30/11,0.7319
05/27/11,0.7336
05/26/11,0.7341
05/25/11,0.7296
05/24/11,0.7279
05/23/11,0.7252
05/20/11,0.7312
05/19/11,0.7318
05/18/11,0.7282
05/16/11,0.7318
05/13/11,0.738
05/12/11,0.7348
05/11/11,0.7414
05/10/11,0.7351
05/09/11,0.7299
05/06/11,0.7334
05/05/11,0.7384
05/04/11,0.7461
05/03/11,0.7369
04/29/11,0.7366
04/28/11,0.7372
04/27/11,0.7306
04/26/11,0.7252
04/25/11,0.7227
04/21/11,0.7274
04/20/11,0.7234
04/19/11,0.7142
04/18/11,0.7168
04/15/11,0.7208
04/14/11,0.7243
04/13/11,0.7298
04/12/11,0.7269
04/11/11,0.7343
04/08/11,0.7335
04/07/11,0.7308
04/06/11,0.7314
04/05/11,0.7324
04/04/11,0.7329
04/01/11,0.728
03/31/11,0.7265
03/30/11,0.7256
03/29/11,0.715
03/28/11,0.7165
03/25/11,0.7147
03/24/11,0.7112
03/23/11,0.7128
03/22/11,0.7145
03/21/11,0.7087
03/18/11,0.7085
03/17/11,0.7019
03/16/11,0.7021
03/15/11,0.7005
03/14/11,0.717
03/11/11,0.7182
03/10/11,0.7242
03/09/11,0.7311
03/08/11,0.7312
03/07/11,0.7295
03/04/11,0.7324
03/03/11,0.7316
03/02/11,0.727
03/01/11,0.7393
02/28/11,0.7335
02/25/11,0.7253
02/24/11,0.7238
02/23/11,0.7303
02/22/11,0.7318
02/21/11,0.7355
02/18/11,0.734
02/17/11,0.737
02/16/11,0.7347
02/15/11,0.74
02/14/11,0.7375
02/11/11,0.7337
02/10/11,0.7358
02/09/11,0.7348
02/08/11,0.7286
02/07/11,0.7286
02/02/11,0.7264
02/01/11,0.7233
01/31/11,0.725
01/28/11,0.7244
01/27/11,0.7268
01/26/11,0.7271
01/25/11,0.7245
01/24/11,0.7245
01/21/11,0.7223
01/20/11,0.7144
01/19/11,0.7184
01/18/11,0.7156
01/17/11,0.7134
01/14/11,0.7159
01/13/11,0.7111
01/12/11,0.7053
01/11/11,0.7002
01/10/11,0.7025
01/07/11,0.7056
01/06/11,0.7058
01/05/11,0.702
01/04/11,0.7135
01/03/11,0.7039
12/31/10,0.7313
12/30/10,0.7257
12/29/10,0.7315
12/28/10,0.7253
12/27/10,0.7265
12/24/10,0.7318
12/23/10,0.7371
12/22/10,0.7321
12/21/10,0.7375
12/20/10,0.7324
12/17/10,0.73
12/16/10,0.733
12/15/10,0.7311
12/14/10,0.7301
12/13/10,0.7325
12/10/10,0.7232
12/09/10,0.7255
12/08/10,0.727
12/07/10,0.7244
12/06/10,0.7242
12/03/10,0.722
12/02/10,0.7102
12/01/10,0.7057
11/30/10,0.7129
11/29/10,0.7168
11/26/10,0.7152
11/25/10,0.7157
11/24/10,0.7163
11/23/10,0.7255
11/22/10,0.7255
11/19/10,0.7225
11/18/10,0.7243
11/16/10,0.7186
11/15/10,0.7295
11/12/10,0.7326
11/11/10,0.7279
11/10/10,0.7331
11/09/10,0.7331
11/08/10,0.7353
11/04/10,0.744
11/03/10,0.7344
11/02/10,0.7329
11/01/10,0.7334
10/29/10,0.7328
10/28/10,0.7317
10/27/10,0.7316
10/26/10,0.734
10/25/10,0.7339
10/22/10,0.7336
10/21/10,0.7364
10/20/10,0.7421
10/19/10,0.7405
10/18/10,0.7344
10/15/10,0.7345
10/14/10,0.7384
10/13/10,0.7311
10/12/10,0.7259
10/11/10,0.7304
10/08/10,0.7278
10/07/10,0.7291
10/06/10,0.726
10/05/10,0.7188
10/04/10,0.7162
10/01/10,0.7173
09/30/10,0.7101
09/29/10,0.7205
09/28/10,0.7164
09/27/10,0.7171
09/24/10,0.7139
09/23/10,0.7136
09/22/10,0.7176
09/21/10,0.716
09/20/10,0.708
09/17/10,0.7101
09/16/10,0.7135
09/15/10,0.7196
09/14/10,0.7156
09/13/10,0.7147
09/09/10,0.7132
09/08/10,0.7105
09/07/10,0.7099
09/06/10,0.7177
09/03/10,0.7113
09/02/10,0.7078
09/01/10,0.7008
08/31/10,0.6874
08/30/10,0.6855
08/27/10,0.688
08/26/10,0.6881
08/25/10,0.6865
08/24/10,0.6896
08/23/10,0.689
08/20/10,0.6907
08/19/10,0.7052
08/18/10,0.7009
08/17/10,0.6975
08/16/10,0.7032
08/13/10,0.6984
08/12/10,0.7018
08/11/10,0.7161
08/10/10,0.7232
08/06/10,0.7269
08/05/10,0.7243
08/04/10,0.719
08/03/10,0.7227
08/02/10,0.7177
07/30/10,0.7115
07/29/10,0.7161
07/28/10,0.718
07/27/10,0.7155
07/26/10,0.707
07/23/10,0.7086
07/22/10,0.7004
07/21/10,0.6978
07/20/10,0.6956
07/19/10,0.6954
07/16/10,0.7068
07/15/10,0.7075
07/14/10,0.6985
07/13/10,0.6978
07/12/10,0.6953
07/09/10,0.6941
07/08/10,0.6939
07/07/10,0.6819
07/06/10,0.6788
07/05/10,0.6673
07/02/10,0.6671
07/01/10,0.6719
06/30/10,0.6869
06/29/10,0.6993
06/28/10,0.7015
06/25/10,0.7002
06/24/10,0.7052
06/23/10,0.7086
06/22/10,0.7121
06/21/10,0.7129
06/18/10,0.7109
06/17/10,0.7147
06/16/10,0.7136
06/15/10,0.7097
06/14/10,0.704
06/11/10,0.6938
06/10/10,0.6868
06/09/10,0.6811
06/08/10,0.6734
06/07/10,0.681
06/04/10,0.6936
06/03/10,0.6927
06/02/10,0.6771
06/01/10,0.6929
05/31/10,0.6744
05/27/10,0.6756
05/26/10,0.6768
05/25/10,0.6757
05/24/10,0.6824
05/21/10,0.6863
05/20/10,0.6972
05/19/10,0.6985
05/18/10,0.7045
05/17/10,0.7042
05/14/10,0.7127
05/13/10,0.7151
05/12/10,0.7154
05/11/10,0.7174
05/10/10,0.7064
05/07/10,0.7047
05/06/10,0.7188
05/05/10,0.7281
05/04/10,0.7357
05/03/10,0.7367
04/30/10,0.7369
04/29/10,0.7301
04/28/10,0.7266
04/27/10,0.7427
04/26/10,0.7515
04/23/10,0.7463
04/22/10,0.7475
04/21/10,0.7541
04/20/10,0.7516
04/19/10,0.7511
04/16/10,0.7539
04/15/10,0.7621
04/14/10,0.7606
04/13/10,0.7621
04/12/10,0.7642
04/09/10,0.7576
04/08/10,0.7541
04/07/10,0.7641
04/06/10,0.7639
04/05/10,0.7599
04/01/10,0.7587
03/31/10,0.7542
03/30/10,0.7566
03/29/10,0.7467
03/26/10,0.747
03/25/10,0.7475
03/24/10,0.7455
03/23/10,0.7533
03/22/10,0.7515
03/19/10,0.746
03/18/10,0.7542
03/17/10,0.7547
03/16/10,0.7516
03/15/10,0.7509
03/12/10,0.7524
03/11/10,0.7456
03/10/10,0.743
03/09/10,0.7401
03/08/10,0.7443
03/05/10,0.7386
03/04/10,0.7344
03/03/10,0.7311
03/02/10,0.7289
03/01/10,0.7266
02/26/10,0.7205
02/25/10,0.7184
02/24/10,0.7211
02/23/10,0.7299
02/22/10,0.7306
02/19/10,0.7228
02/18/10,0.7231
02/17/10,0.7231
02/12/10,0.7145
02/11/10,0.7152
02/10/10,0.7173
02/09/10,0.7117
02/08/10,0.719
02/05/10,0.7151
02/04/10,0.735
02/03/10,0.7455
02/02/10,0.7423
02/01/10,0.7362
01/29/10,0.7277
01/28/10,0.7362
01/27/10,0.7417
01/26/10,0.7421
01/25/10,0.7455
01/22/10,0.7473
01/21/10,0.7603
01/20/10,0.7648
01/19/10,0.7598
01/18/10,0.7613
01/15/10,0.7656
01/14/10,0.7704
01/13/10,0.764
01/12/10,0.7662
01/11/10,0.7703
01/08/10,0.7613
01/07/10,0.7639
01/06/10,0.7638
01/05/10,0.7638
01/04/10,0.752
12/31/09,0.7819
12/30/09,0.7873
12/29/09,0.7832
12/28/09,0.7819
12/24/09,0.7736
12/23/09,0.7764
12/22/09,0.7686
12/21/09,0.7656
12/18/09,0.7617
12/17/09,0.7695
12/16/09,0.7745
12/15/09,0.77
12/14/09,0.7662
12/11/09,0.7628
12/10/09,0.7544
12/09/09,0.7553
12/08/09,0.7671
12/07/09,0.7709
12/04/09,0.7644
12/03/09,0.7712
12/02/09,0.7637
12/01/09,0.7621
11/30/09,0.7504
11/26/09,0.7577
11/25/09,0.7603
11/24/09,0.763
11/23/09,0.7592
11/20/09,0.7544
11/19/09,0.7632
11/18/09,0.766
11/17/09,0.7663
11/16/09,0.7622
11/13/09,0.7521
11/12/09,0.7559
11/11/09,0.7527
11/10/09,0.7595
11/09/09,0.7473
11/06/09,0.7437
11/05/09,0.7367
11/04/09,0.7318
11/03/09,0.7219
11/02/09,0.7244
10/30/09,0.7362
10/29/09,0.7294
10/28/09,0.7343
10/27/09,0.7397
10/26/09,0.7535
10/23/09,0.7569
10/22/09,0.7613
10/21/09,0.7641
10/20/09,0.7714
10/19/09,0.7656
10/16/09,0.7642
10/15/09,0.761
10/14/09,0.755
10/13/09,0.7585
10/12/09,0.7536
10/09/09,0.746
10/08/09,0.7495
10/07/09,0.7501
10/06/09,0.7456
10/05/09,0.7419
10/02/09,0.7419
10/01/09,0.7537
09/30/09,0.7536
09/29/09,0.7574
09/28/09,0.7581
09/25/09,0.7509
09/24/09,0.7567
09/23/09,0.7665
09/22/09,0.7691
09/18/09,0.7639
09/17/09,0.7677
09/16/09,0.7596
09/15/09,0.7544
09/14/09,0.7562
09/11/09,0.7575
09/10/09,0.7573
09/09/09,0.7431
09/08/09,0.7395
09/07/09,0.7347
09/04/09,0.7296
09/03/09,0.7231
09/02/09,0.7223
09/01/09,0.7288
08/31/09,0.7355
08/28/09,0.7438
08/27/09,0.7407
08/26/09,0.7391
08/25/09,0.7403
08/24/09,0.7385
08/21/09,0.7297
08/20/09,0.7243
08/19/09,0.7191
08/18/09,0.7168
08/17/09,0.7147
08/14/09,0.7275
08/13/09,0.7255
08/12/09,0.7192
08/11/09,0.7228
08/07/09,0.7176
08/06/09,0.7169
08/05/09,0.7279
08/04/09,0.7243
08/03/09,0.726
07/31/09,0.7188
07/30/09,0.7083
07/29/09,0.7101
07/28/09,0.7112
07/27/09,0.7151
07/24/09,0.7091
07/23/09,0.702
07/22/09,0.7025
07/21/09,0.6986
07/20/09,0.689
07/17/09,0.6877
07/16/09,0.6825
07/15/09,0.6726
07/14/09,0.6644
07/13/09,0.6568
07/10/09,0.6561
07/09/09,0.6582
07/08/09,0.6562
07/07/09,0.6643
07/06/09,0.6629
07/03/09,0.667
07/02/09,0.6794
07/01/09,0.6753
06/30/09,0.6965
06/29/09,0.6984
06/26/09,0.6997
06/25/09,0.6869
06/24/09,0.6806
06/23/09,0.6775
06/22/09,0.6808
06/19/09,0.6865
06/18/09,0.68
06/17/09,0.6824
06/16/09,0.6944
06/15/09,0.6994
06/12/09,0.7013
06/11/09,0.6999
06/10/09,0.7026
06/09/09,0.6943
06/08/09,0.6923
06/05/09,0.6963
06/04/09,0.689
06/03/09,0.6997
06/02/09,0.7126
06/01/09,0.7006
05/29/09,0.691
05/28/09,0.6816
05/27/09,0.6901
05/26/09,0.6764
05/22/09,0.6747
05/21/09,0.6792
05/20/09,0.6817
05/19/09,0.6728
05/18/09,0.6557
05/15/09,0.6641
05/14/09,0.6585
05/13/09,0.6689
05/12/09,0.6652
05/11/09,0.6651
05/08/09,0.6641
05/07/09,0.6611
05/06/09,0.6586
05/05/09,0.6617
05/04/09,0.6817
04/30/09,0.6508
04/29/09,0.6358
04/28/09,0.6299
04/27/09,0.6339
04/24/09,0.6324
04/23/09,0.6288
04/22/09,0.6194
04/21/09,0.6223
04/20/09,0.6286
04/17/09,0.6349
04/16/09,0.6319
04/15/09,0.6255
04/14/09,0.6289
04/13/09,0.6362
04/09/09,0.6292
04/08/09,0.6179
04/07/09,0.6255
04/06/09,0.6344
04/03/09,0.6334
04/02/09,0.6271
04/01/09,0.6101
03/31/09,0.6093
03/30/09,0.6143
03/27/09,0.6247
03/26/09,0.6275
03/25/09,0.6257
03/24/09,0.6302
03/23/09,0.6156
03/20/09,0.614
03/19/09,0.6157
03/17/09,0.5904
03/16/09,0.5821
03/13/09,0.5767
03/11/09,0.5598
03/10/09,0.5448
03/09/09,0.5455
03/06/09,0.5592
03/05/09,0.5716
03/04/09,0.5633
03/03/09,0.5666
03/02/09,0.5765
02/27/09,0.5939
02/26/09,0.5943
02/25/09,0.5859
02/24/09,0.5779
02/23/09,0.5971
02/20/09,0.6068
02/19/09,0.6083
02/18/09,0.6106
02/17/09,0.6229
02/16/09,0.6299
02/13/09,0.6332
02/12/09,0.6374
02/11/09,0.64
02/10/09,0.6469
02/09/09,0.6556
02/06/09,0.6473
02/05/09,0.6542
02/04/09,0.648
02/03/09,0.6401
02/02/09,0.638
01/30/09,0.6574
01/29/09,0.6614
01/28/09,0.6605
01/23/09,0.6331
01/22/09,0.6456
01/21/09,0.6332
01/20/09,0.6555
01/19/09,0.6617
01/16/09,0.6582
01/15/09,0.6556
01/14/09,0.6681
01/13/09,0.6682
01/12/09,0.6771
01/09/09,0.6979
01/08/09,0.6958
01/07/09,0.7061
01/06/09,0.7007
01/05/09,0.6978
01/02/09,0.6772
12/31/08,0.6751
12/30/08,0.6754
12/29/08,0.6751
12/26/08,0.6693
12/24/08,0.6666
12/23/08,0.6669
12/22/08,0.6748
12/19/08,0.677
12/18/08,0.6828
12/17/08,0.6866
12/16/08,0.6725
12/15/08,0.6883
12/12/08,0.6614
12/11/08,0.6749
12/10/08,0.6664
12/09/08,0.6657
12/05/08,0.6374
12/04/08,0.6648
12/03/08,0.6523
12/02/08,0.6521
12/01/08,0.6581
11/28/08,0.6677
11/27/08,0.6653
11/26/08,0.6598
11/25/08,0.6728
11/24/08,0.6389
11/21/08,0.6186
11/20/08,0.637
11/19/08,0.6705
11/18/08,0.6672
11/17/08,0.6757
11/14/08,0.6919
11/13/08,0.6576
11/12/08,0.6779
11/11/08,0.6929
11/10/08,0.7183
11/07/08,0.7
11/06/08,0.7235
11/05/08,0.7474
11/04/08,0.7326
11/03/08,0.6965
10/31/08,0.6913
10/30/08,0.6921
10/29/08,0.7017
10/28/08,0.6465
10/24/08,0.6737
10/23/08,0.6792
10/22/08,0.7015
10/21/08,0.7329
10/20/08,0.7073
10/17/08,0.6954
10/16/08,0.6934
10/15/08,0.7316
10/14/08,0.7476
10/13/08,0.6847
10/10/08,0.6651
10/09/08,0.7199
10/08/08,0.7217
10/07/08,0.7543
10/06/08,0.7655
10/03/08,0.7999
10/02/08,0.822
09/30/08,0.7881
09/29/08,0.8253
09/26/08,0.841
09/25/08,0.8333
09/24/08,0.8355
09/23/08,0.8407
09/22/08,0.8527
09/18/08,0.8055
09/17/08,0.8283
09/15/08,0.8285
09/11/08,0.8461
09/10/08,0.8472
09/09/08,0.8705
09/08/08,0.8776
09/05/08,0.8667
09/04/08,0.8993
09/03/08,0.9121
09/02/08,0.9174
09/01/08,0.9101
08/29/08,0.9121
08/28/08,0.896
08/27/08,0.8976
08/26/08,0.8996
08/25/08,0.8881
08/22/08,0.8964
08/21/08,0.8916
08/20/08,0.8971
08/19/08,0.8967
08/18/08,0.9086
08/15/08,0.9092
08/14/08,0.9055
08/13/08,0.9222
08/12/08,0.9222
08/11/08,0.9157
08/08/08,0.9155
08/07/08,0.9131
08/06/08,0.9057
08/05/08,0.8994
08/04/08,0.8997
08/01/08,0.9039
07/31/08,0.9237
07/30/08,0.9116
07/29/08,0.906
07/28/08,0.9143
07/25/08,0.913
07/24/08,0.9276
07/23/08,0.918
07/22/08,0.9103
07/21/08,0.9072
07/18/08,0.8946
07/17/08,0.8939
07/16/08,0.8861
07/15/08,0.8817
07/14/08,0.9024
07/11/08,0.9074
07/10/08,0.9162
07/09/08,0.9177
07/08/08,0.9139
07/07/08,0.9244
07/04/08,0.92
07/03/08,0.9235
07/02/08,0.9398
07/01/08,0.9268
06/30/08,0.9466
06/27/08,0.9523
06/26/08,0.9579
06/25/08,0.9573
06/24/08,0.9584
06/23/08,0.9709
06/20/08,0.981
06/19/08,0.9856
06/18/08,0.9978
06/17/08,1.0062
06/16/08,0.9984
06/13/08,0.9931
06/12/08,1.0026
06/11/08,1.0095
06/10/08,1.0214
06/09/08,1.0261
06/06/08,1.0415
06/05/08,1.0375
06/04/08,1.0346
06/03/08,1.0385
06/02/08,1.0476
05/30/08,1.0465
05/29/08,1.045
05/28/08,1.0404
05/27/08,1.0384
05/26/08,1.0418
05/23/08,1.0442
05/22/08,1.0467
05/21/08,1.0576
05/20/08,1.0479
05/16/08,1.0442
05/15/08,1.0431
05/14/08,1.0336
05/13/08,1.0283
05/12/08,1.0165
05/09/08,1.0252
05/08/08,1.0144
05/07/08,1.0248
05/06/08,1.017
05/05/08,1.0176
05/02/08,1.0171
04/30/08,1.008
04/29/08,1.0218
04/28/08,1.0181
04/25/08,1.0039
04/24/08,0.9993
04/23/08,1.0053
04/22/08,1.0074
04/21/08,1.0136
04/18/08,0.9949
04/17/08,0.9952
04/16/08,0.9879
04/15/08,0.9802
04/14/08,0.9727
04/11/08,0.9866
04/10/08,0.9892
04/09/08,1.0054
04/08/08,1.0163
04/07/08,1.0182
04/04/08,1.0099
04/03/08,1.0085
04/02/08,1.0021
04/01/08,0.9907
03/31/08,0.9972
03/28/08,1.0017
03/27/08,0.987
03/26/08,0.9898
03/25/08,0.9835
03/24/08,0.97
03/20/08,0.9691
03/19/08,0.988
03/18/08,0.976
03/17/08,0.9853
03/14/08,0.9984
03/13/08,0.9883
03/12/08,1.002
03/11/08,0.9908
03/10/08,0.9888
03/07/08,0.9939
03/06/08,1.0091
03/05/08,1.0014
03/04/08,0.9969
03/03/08,1.0006
02/29/08,1
02/28/08,1
02/27/08,1
02/26/08,1
02/25/08,1
02/22/08,1
02/21/08,1
02/20/08,1
02/19/08,1
02/18/08,1
02/15/08,1
02/14/08,1
02/13/08,1
02/12/08,1
02/11/08,1
02/06/08,1
02/05/08,1
02/04/08,1
02/01/08,1
01/31/08,1
