08/07/17,0.9229
08/04/17,0.9164
08/03/17,0.9213
08/02/17,0.9295
08/01/17,0.9361
07/31/17,0.9347
07/28/17,0.9222
07/27/17,0.9289
07/26/17,0.9223
07/25/17,0.9076
07/24/17,0.9045
07/21/17,0.9057
07/20/17,0.9141
07/19/17,0.9084
07/18/17,0.9094
07/17/17,0.9053
07/14/17,0.9028
07/13/17,0.9011
07/12/17,0.8926
07/11/17,0.8793
07/10/17,0.8685
07/07/17,0.8721
07/06/17,0.8794
07/05/17,0.8839
07/04/17,0.8805
07/03/17,0.8753
06/30/17,0.8731
06/29/17,0.8814
06/28/17,0.8714
06/27/17,0.863
06/23/17,0.85
06/22/17,0.8417
06/21/17,0.8378
06/20/17,0.8513
06/19/17,0.8488
06/16/17,0.8503
06/15/17,0.8532
06/14/17,0.8794
06/13/17,0.879
06/12/17,0.8795
06/09/17,0.8756
06/08/17,0.8698
06/07/17,0.8818
06/06/17,0.8599
06/05/17,0.8676
06/02/17,0.8706
06/01/17,0.8719
05/31/17,0.8822
05/30/17,0.8842
05/29/17,0.8838
05/26/17,0.8782
05/25/17,0.8911
05/24/17,0.8931
05/23/17,0.9037
05/22/17,0.9008
05/19/17,0.8825
05/18/17,0.8822
05/17/17,0.8964
05/16/17,0.8924
05/15/17,0.8856
05/12/17,0.8833
05/11/17,0.8812
05/09/17,0.8759
05/08/17,0.867
05/05/17,0.8541
05/04/17,0.8737
05/03/17,0.8793
05/02/17,0.8902
04/28/17,0.8911
04/27/17,0.9036
04/26/17,0.908
04/25/17,0.9079
04/24/17,0.911
04/21/17,0.9153
04/20/17,0.906
04/19/17,0.9137
04/18/17,0.9304
04/17/17,0.9394
04/13/17,0.9343
04/12/17,0.9489
04/11/17,0.9545
04/10/17,0.9474
04/07/17,0.939
04/06/17,0.9451
04/05/17,0.9457
04/04/17,0.9287
04/03/17,0.9251
03/31/17,0.9301
03/30/17,0.9349
03/29/17,0.9211
03/28/17,0.9155
03/27/17,0.9144
03/24/17,0.9255
03/23/17,0.936
03/22/17,0.9272
03/21/17,0.9489
03/20/17,0.942
03/17/17,0.95
03/16/17,0.9519
03/15/17,0.9126
03/14/17,0.9183
03/13/17,0.9092
03/10/17,0.8981
03/09/17,0.9053
03/08/17,0.9276
03/07/17,0.931
03/06/17,0.9425
03/03/17,0.9417
03/02/17,0.9635
03/01/17,0.9421
02/28/17,0.9407
02/27/17,0.959
02/24/17,0.9647
02/23/17,0.9883
02/22/17,1.0031
02/21/17,1.0058
02/20/17,0.9995
02/17/17,1.0077
02/16/17,1.0151
02/15/17,1.0277
02/14/17,1.0254
02/13/17,1.0176
02/10/17,0.9952
02/09/17,0.9855
02/08/17,0.9888
02/07/17,0.9905
02/06/17,0.9808
02/03/17,0.9848
02/02/17,0.9873
02/01/17,0.9926
01/31/17,0.9833
01/27/17,1.0031
01/26/17,1.0131
01/25/17,1.0101
01/24/17,0.9904
01/23/17,0.9791
01/20/17,0.9695
01/19/17,0.9745
01/18/17,0.984
01/17/17,0.99
01/16/17,0.9851
01/13/17,0.9772
01/12/17,0.9761
01/11/17,0.9665
01/10/17,0.951
01/09/17,0.9444
01/06/17,0.9556
01/05/17,0.9445
01/04/17,0.9338
01/03/17,0.9222
12/30/16,0.9292
12/29/16,0.9166
12/28/16,0.9078
12/27/16,0.9003
12/23/16,0.8977
12/22/16,0.8987
12/21/16,0.906
12/20/16,0.8981
12/19/16,0.9068
12/16/16,0.9137
12/15/16,0.9153
12/14/16,0.9455
12/13/16,0.9442
12/12/16,0.9538
12/09/16,0.9534
12/08/16,0.9445
12/07/16,0.9379
12/06/16,0.931
12/05/16,0.9215
12/02/16,0.9152
12/01/16,0.9181
11/30/16,0.9118
11/29/16,0.9239
11/28/16,0.9204
11/25/16,0.9242
11/24/16,0.9213
11/23/16,0.9302
11/22/16,0.9114
11/21/16,0.8932
11/18/16,0.8789
11/17/16,0.8875
11/16/16,0.8898
11/15/16,0.8823
11/14/16,0.8824
11/11/16,0.9086
11/10/16,0.9281
11/09/16,0.8821
11/08/16,0.873
11/07/16,0.8635
11/04/16,0.8609
11/03/16,0.8623
11/02/16,0.8724
11/01/16,0.8726
10/31/16,0.8709
10/28/16,0.8698
10/27/16,0.8637
10/26/16,0.8779
10/25/16,0.8705
10/24/16,0.876
10/21/16,0.8777
10/20/16,0.8772
10/19/16,0.8683
10/18/16,0.8555
10/17/16,0.8433
10/14/16,0.8481
10/13/16,0.8456
10/12/16,0.8419
10/11/16,0.8484
10/10/16,0.8393
10/07/16,0.8428
10/06/16,0.8431
10/05/16,0.8389
10/04/16,0.868
10/03/16,0.8706
09/30/16,0.8685
09/29/16,0.8685
09/28/16,0.8442
09/27/16,0.8526
09/26/16,0.8545
09/23/16,0.8625
09/22/16,0.8596
09/21/16,0.8254
09/20/16,0.8252
09/19/16,0.8223
09/16/16,0.817
09/15/16,0.8165
09/14/16,0.8188
09/13/16,0.8355
09/09/16,0.8555
09/08/16,0.8524
09/07/16,0.8517
09/06/16,0.8454
09/05/16,0.8388
09/02/16,0.8249
09/01/16,0.8128
08/31/16,0.8161
08/30/16,0.8417
08/29/16,0.8362
08/26/16,0.8383
08/25/16,0.836
08/24/16,0.8653
08/23/16,0.8669
08/22/16,0.8678
08/19/16,0.8783
08/18/16,0.8776
08/17/16,0.8763
08/16/16,0.8769
08/15/16,0.8621
08/12/16,0.8697
08/11/16,0.8639
08/10/16,0.8603
08/08/16,0.8521
08/05/16,0.8533
08/04/16,0.8369
08/03/16,0.8436
08/02/16,0.8434
08/01/16,0.8486
07/29/16,0.8405
07/28/16,0.8447
07/27/16,0.8385
07/26/16,0.8277
07/25/16,0.8417
07/22/16,0.839
07/21/16,0.8353
07/20/16,0.8422
07/19/16,0.8457
07/18/16,0.8562
07/15/16,0.8543
07/14/16,0.8547
07/13/16,0.8559
07/12/16,0.8543
07/11/16,0.8396
07/08/16,0.8161
07/07/16,0.8247
07/05/16,0.8236
07/04/16,0.8213
07/01/16,0.8032
06/30/16,0.7874
06/29/16,0.7819
06/28/16,0.7686
06/27/16,0.773
06/24/16,0.7653
06/23/16,0.7884
06/22/16,0.7817
06/21/16,0.7806
06/20/16,0.7817
06/17/16,0.7702
06/16/16,0.7633
06/15/16,0.763
06/14/16,0.7676
06/13/16,0.7843
06/10/16,0.7871
06/09/16,0.7997
06/08/16,0.793
06/07/16,0.7918
06/06/16,0.7817
06/03/16,0.7532
06/02/16,0.7518
06/01/16,0.7524
05/31/16,0.7536
05/30/16,0.7678
05/27/16,0.7646
05/26/16,0.7711
05/25/16,0.7581
05/24/16,0.7598
05/23/16,0.7575
05/20/16,0.7589
05/19/16,0.7491
05/18/16,0.7879
05/17/16,0.7735
05/16/16,0.7627
05/13/16,0.7585
05/12/16,0.7729
05/11/16,0.7648
05/10/16,0.747
05/09/16,0.7699
05/06/16,0.76
05/05/16,0.7652
05/04/16,0.7726
05/03/16,0.8016
04/29/16,0.8068
04/28/16,0.7976
04/27/16,0.7783
04/26/16,0.7818
04/25/16,0.7922
04/22/16,0.7956
04/21/16,0.8016
04/20/16,0.7943
04/19/16,0.7655
04/18/16,0.7538
04/15/16,0.7562
04/14/16,0.7615
04/13/16,0.7489
04/12/16,0.7208
04/11/16,0.7056
04/08/16,0.6891
04/07/16,0.6919
04/06/16,0.6849
04/05/16,0.6808
04/04/16,0.702
04/01/16,0.7032
03/31/16,0.7108
03/30/16,0.7141
03/29/16,0.7031
03/28/16,0.7081
03/24/16,0.7041
03/23/16,0.7296
03/22/16,0.7299
03/21/16,0.7359
03/18/16,0.7431
03/17/16,0.7336
03/16/16,0.7067
03/15/16,0.707
03/14/16,0.7246
03/11/16,0.7212
03/10/16,0.7193
03/09/16,0.7081
03/08/16,0.731
03/07/16,0.724
03/04/16,0.7085
03/03/16,0.6989
03/02/16,0.6757
03/01/16,0.6651
02/29/16,0.6652
02/26/16,0.6564
02/25/16,0.6569
02/24/16,0.6549
02/23/16,0.6782
02/22/16,0.6636
02/19/16,0.6573
02/18/16,0.6616
02/17/16,0.6405
02/16/16,0.6356
02/15/16,0.6344
02/12/16,0.6075
02/11/16,0.5952
02/10/16,0.6036
02/05/16,0.6293
02/04/16,0.6084
02/03/16,0.5844
02/02/16,0.5928
02/01/16,0.6065
01/29/16,0.585
01/28/16,0.5875
01/27/16,0.5788
01/26/16,0.5677
01/25/16,0.575
01/22/16,0.5699
01/21/16,0.5466
01/20/16,0.5504
01/19/16,0.5655
01/18/16,0.5658
01/15/16,0.5733
01/14/16,0.5706
01/13/16,0.5836
01/12/16,0.5827
01/11/16,0.601
01/08/16,0.6129
01/07/16,0.6158
01/06/16,0.6348
01/05/16,0.6419
01/04/16,0.6408
12/31/15,0.6438
12/30/15,0.6548
12/29/15,0.6529
12/28/15,0.6549
12/24/15,0.6596
12/23/15,0.6364
12/22/15,0.6182
12/21/15,0.6205
12/18/15,0.6108
12/17/15,0.6332
12/16/15,0.6216
12/15/15,0.6095
12/14/15,0.6197
12/11/15,0.6375
12/10/15,0.6342
12/09/15,0.6268
12/08/15,0.6284
12/07/15,0.6602
12/04/15,0.6585
12/03/15,0.6709
12/02/15,0.6808
12/01/15,0.6786
11/30/15,0.6712
11/27/15,0.6775
11/26/15,0.6779
11/25/15,0.6807
11/24/15,0.6711
11/23/15,0.6819
11/20/15,0.6907
11/19/15,0.6958
11/18/15,0.6803
11/17/15,0.6876
11/16/15,0.6797
11/13/15,0.6829
11/12/15,0.6952
11/11/15,0.7053
11/09/15,0.7187
11/06/15,0.7293
11/05/15,0.7344
11/04/15,0.7511
11/03/15,0.7355
11/02/15,0.7267
10/30/15,0.7303
10/29/15,0.7386
10/28/15,0.7344
10/27/15,0.7451
10/26/15,0.7625
10/23/15,0.758
10/22/15,0.7422
10/21/15,0.7529
10/20/15,0.7418
10/19/15,0.7613
10/16/15,0.7694
10/15/15,0.77
10/14/15,0.7568
10/13/15,0.7653
10/12/15,0.7817
10/09/15,0.776
10/08/15,0.7613
10/07/15,0.7487
10/06/15,0.7271
10/05/15,0.7064
10/02/15,0.6808
10/01/15,0.6811
09/30/15,0.6591
09/29/15,0.6507
09/28/15,0.6792
09/25/15,0.6851
09/23/15,0.6867
09/22/15,0.6985
09/21/15,0.71
09/18/15,0.7243
09/17/15,0.7234
09/16/15,0.7054
09/15/15,0.6955
09/14/15,0.7109
09/10/15,0.7193
09/09/15,0.731
09/08/15,0.7134
09/07/15,0.709
09/04/15,0.7118
09/03/15,0.7085
09/02/15,0.7106
09/01/15,0.7305
08/31/15,0.7284
08/28/15,0.7241
08/27/15,0.6867
08/26/15,0.6883
08/25/15,0.695
08/24/15,0.7184
08/21/15,0.7486
08/20/15,0.7491
08/19/15,0.7591
08/18/15,0.7639
08/17/15,0.769
08/14/15,0.7762
08/13/15,0.7849
08/12/15,0.7786
08/11/15,0.793
08/06/15,0.7557
08/05/15,0.7647
08/04/15,0.7583
08/03/15,0.7626
07/31/15,0.7604
07/30/15,0.7717
07/29/15,0.7554
07/28/15,0.7404
07/27/15,0.7541
07/24/15,0.7593
07/23/15,0.7688
07/22/15,0.7809
07/21/15,0.7802
07/20/15,0.8044
07/16/15,0.8169
07/15/15,0.8323
07/14/15,0.8232
07/13/15,0.8121
07/10/15,0.8094
07/09/15,0.8012
07/08/15,0.8034
07/07/15,0.8231
07/06/15,0.8318
07/03/15,0.8356
07/02/15,0.843
07/01/15,0.8492
06/30/15,0.8564
06/29/15,0.8666
06/26/15,0.876
06/25/15,0.8899
06/24/15,0.8909
06/23/15,0.8801
06/22/15,0.8783
06/19/15,0.8915
06/18/15,0.8891
06/17/15,0.8866
06/16/15,0.887
06/15/15,0.8957
06/12/15,0.9024
06/11/15,0.9101
06/10/15,0.903
06/09/15,0.8973
06/08/15,0.903
06/05/15,0.9015
06/04/15,0.9064
06/03/15,0.9144
06/02/15,0.9051
05/29/15,0.9101
05/28/15,0.9087
05/27/15,0.9094
05/26/15,0.9271
05/25/15,0.9214
05/22/15,0.922
05/21/15,0.9284
05/20/15,0.9247
05/19/15,0.9391
05/18/15,0.9447
05/15/15,0.945
05/14/15,0.9414
05/13/15,0.9506
05/12/15,0.9485
05/11/15,0.9507
05/08/15,0.9361
05/07/15,0.9393
05/06/15,0.946
05/05/15,0.9563
05/04/15,0.9397
04/30/15,0.937
04/29/15,0.9405
04/28/15,0.935
04/27/15,0.9332
04/24/15,0.9276
04/23/15,0.9122
04/22/15,0.9096
04/21/15,0.9166
04/20/15,0.9102
04/17/15,0.9108
04/16/15,0.9214
04/15/15,0.9036
04/14/15,0.8952
04/13/15,0.9009
04/10/15,0.8968
04/09/15,0.8902
04/08/15,0.9045
04/07/15,0.8985
04/06/15,0.8916
04/02/15,0.8797
04/01/15,0.8781
03/31/15,0.8912
03/30/15,0.8871
03/27/15,0.8962
03/26/15,0.9033
03/25/15,0.9113
03/24/15,0.915
03/23/15,0.91
03/20/15,0.8999
03/19/15,0.8932
03/18/15,0.8832
03/17/15,0.8821
03/16/15,0.8787
03/13/15,0.8805
03/12/15,0.8823
03/11/15,0.8753
03/10/15,0.9045
03/09/15,0.9134
03/06/15,0.9307
03/05/15,0.9365
03/04/15,0.9358
03/03/15,0.947
03/02/15,0.9577
02/27/15,0.9559
02/26/15,0.9556
02/25/15,0.9548
02/24/15,0.9405
02/23/15,0.9464
02/18/15,0.9603
02/17/15,0.9583
02/16/15,0.9583
02/13/15,0.9398
02/12/15,0.9183
02/11/15,0.9166
02/10/15,0.9316
02/09/15,0.9273
02/06/15,0.9341
02/05/15,0.9193
02/04/15,0.9346
02/03/15,0.9101
02/02/15,0.8852
01/30/15,0.8692
01/29/15,0.8768
01/28/15,0.9063
01/27/15,0.9012
01/26/15,0.8905
01/23/15,0.9111
01/22/15,0.9036
01/21/15,0.8952
01/20/15,0.9004
01/19/15,0.8925
01/16/15,0.8583
01/15/15,0.8567
01/14/15,0.8712
01/13/15,0.9022
01/12/15,0.9179
01/09/15,0.9152
01/08/15,0.9126
01/07/15,0.9059
01/06/15,0.9029
01/05/15,0.9289
01/02/15,0.9269
12/31/14,0.931
12/30/14,0.9235
12/29/14,0.9252
12/26/14,0.9205
12/24/14,0.9182
12/23/14,0.9077
12/22/14,0.9255
12/19/14,0.9082
12/18/14,0.8904
12/17/14,0.8468
12/16/14,0.8427
12/15/14,0.866
12/12/14,0.882
12/11/14,0.8978
12/10/14,0.9231
12/09/14,0.9157
12/08/14,0.9438
12/05/14,0.9472
12/04/14,0.9607
12/03/14,0.9479
12/02/14,0.9444
12/01/14,0.9338
11/28/14,0.9767
11/27/14,0.9966
11/26/14,1.0101
11/25/14,1.0045
11/24/14,1.0196
11/21/14,0.9931
11/20/14,0.9749
11/19/14,0.9937
11/18/14,0.9926
11/17/14,0.999
11/14/14,0.9793
11/13/14,0.9877
11/12/14,0.9877
11/11/14,0.9819
11/10/14,0.9983
11/07/14,0.9693
11/06/14,0.9576
11/05/14,0.9609
11/04/14,0.9764
11/03/14,0.9814
10/31/14,0.9934
10/30/14,0.9883
10/29/14,1.001
10/28/14,0.9849
10/27/14,1.0001
10/24/14,1.0064
10/23/14,0.9942
10/21/14,0.9971
10/20/14,0.9884
10/17/14,0.9873
10/16/14,0.9766
10/15/14,0.9809
10/14/14,0.9813
10/13/14,0.9797
10/10/14,0.9849
10/09/14,1.0175
10/08/14,1.0054
10/07/14,1.0203
10/03/14,1.0166
10/02/14,1.0207
10/01/14,1.0334
09/30/14,1.0456
09/29/14,1.0453
09/26/14,1.0441
09/25/14,1.0588
09/24/14,1.0522
09/23/14,1.0562
09/22/14,1.0767
09/19/14,1.0908
09/18/14,1.1056
09/17/14,1.111
09/16/14,1.0959
09/15/14,1.0961
09/12/14,1.1056
09/11/14,1.1029
09/10/14,1.1151
09/09/14,1.1183
09/08/14,1.1267
09/05/14,1.1247
09/04/14,1.1387
09/03/14,1.1346
09/02/14,1.1464
09/01/14,1.1453
08/29/14,1.1395
08/28/14,1.1442
08/27/14,1.1517
08/26/14,1.1406
08/25/14,1.1527
08/22/14,1.1487
08/21/14,1.1585
08/20/14,1.1569
08/19/14,1.1593
08/18/14,1.1579
08/15/14,1.1573
08/14/14,1.1644
08/13/14,1.1662
08/12/14,1.1746
08/11/14,1.1642
08/08/14,1.1546
08/07/14,1.1641
08/06/14,1.1527
08/05/14,1.1638
08/04/14,1.1568
08/01/14,1.1529
07/31/14,1.1808
07/30/14,1.187
07/29/14,1.1902
07/25/14,1.1853
07/24/14,1.1851
07/23/14,1.1808
07/22/14,1.1722
07/21/14,1.1638
07/18/14,1.1635
07/17/14,1.1715
07/16/14,1.1628
07/15/14,1.1691
07/14/14,1.1616
07/11/14,1.1611
07/10/14,1.1732
07/09/14,1.169
07/08/14,1.1683
07/07/14,1.1732
07/04/14,1.1747
07/03/14,1.168
07/02/14,1.1605
07/01/14,1.1483
06/30/14,1.1396
06/27/14,1.1382
06/26/14,1.134
06/25/14,1.1258
06/24/14,1.1431
06/23/14,1.1379
06/20/14,1.1293
06/19/14,1.1246
06/18/14,1.105
06/17/14,1.1049
06/16/14,1.1077
06/13/14,1.0963
06/12/14,1.0954
06/11/14,1.0931
06/10/14,1.0882
06/09/14,1.0884
06/06/14,1.0834
06/05/14,1.0844
06/04/14,1.0826
06/03/14,1.081
06/02/14,1.0836
05/30/14,1.0895
05/29/14,1.0845
05/28/14,1.0886
05/27/14,1.099
05/26/14,1.0929
05/23/14,1.0914
05/22/14,1.0899
05/21/14,1.0772
05/20/14,1.0851
05/19/14,1.0846
05/16/14,1.0945
05/15/14,1.1119
05/14/14,1.1014
05/12/14,1.0866
05/09/14,1.0798
05/08/14,1.0886
05/07/14,1.083
05/06/14,1.0868
05/05/14,1.0808
05/02/14,1.0835
04/30/14,1.0969
04/29/14,1.0859
04/28/14,1.0883
04/25/14,1.0949
04/24/14,1.0991
04/23/14,1.0886
04/22/14,1.0888
04/21/14,1.0841
04/17/14,1.0828
04/16/14,1.0783
04/15/14,1.0857
04/14/14,1.078
04/11/14,1.0756
04/10/14,1.0917
04/09/14,1.0905
04/08/14,1.082
04/07/14,1.0878
04/04/14,1.0827
04/03/14,1.082
04/02/14,1.0711
04/01/14,1.0649
03/31/14,1.0642
03/28/14,1.0551
03/27/14,1.0433
03/26/14,1.0627
03/25/14,1.0485
03/24/14,1.0527
03/21/14,1.0483
03/20/14,1.0379
03/19/14,1.051
03/18/14,1.0448
03/17/14,1.053
03/14/14,1.0467
03/13/14,1.0523
03/12/14,1.0424
03/11/14,1.0544
03/10/14,1.0624
03/07/14,1.0888
03/06/14,1.0827
03/05/14,1.0864
03/04/14,1.0743
03/03/14,1.075
02/28/14,1.0822
02/27/14,1.0726
02/26/14,1.0762
02/25/14,1.083
02/24/14,1.0848
02/21/14,1.0925
02/20/14,1.0772
02/19/14,1.0892
02/18/14,1.0845
02/17/14,1.0782
02/14/14,1.0683
02/13/14,1.0548
02/12/14,1.065
02/11/14,1.0451
02/10/14,1.0372
02/07/14,1.0215
02/06/14,1.0059
02/05/14,1.0005
02/04/14,0.9872
02/03/14,1.0123
01/30/14,1.0207
01/29/14,1.0185
01/28/14,1.0063
01/27/14,1.0133
01/24/14,1.0222
01/23/14,1.035
01/22/14,1.0451
01/21/14,1.0458
01/20/14,1.044
01/17/14,1.0389
01/16/14,1.0245
01/15/14,1.0065
01/14/14,1.005
01/13/14,1.0038
01/10/14,1.0016
01/09/14,1.0073
01/08/14,1.0139
01/07/14,1.0168
01/06/14,1.0216
01/03/14,1.0243
01/02/14,1.0228
12/31/13,1.0261
12/30/13,1.0325
12/27/13,1.0182
12/26/13,1.0108
12/24/13,1.0068
12/23/13,1.0028
12/20/13,1.0034
12/19/13,0.9991
12/18/13,0.9861
12/17/13,0.9845
12/16/13,0.9742
12/13/13,0.9734
12/12/13,0.9743
12/11/13,0.9939
12/10/13,0.9898
12/09/13,0.9836
12/06/13,0.9825
12/05/13,0.9866
12/04/13,0.9833
12/03/13,0.9816
12/02/13,1.0009
11/29/13,1.0031
11/28/13,0.9975
11/27/13,0.9937
11/26/13,1.0026
11/25/13,1.009
11/22/13,1.0087
11/21/13,1.013
11/20/13,1.0213
11/19/13,1.0239
11/18/13,1.0311
11/15/13,1.0277
11/14/13,1.0176
11/13/13,1.0137
11/12/13,1.0286
11/11/13,1.0272
11/08/13,1.0227
11/07/13,1.0463
11/06/13,1.0404
11/05/13,1.0464
11/04/13,1.0262
11/01/13,1.0295
10/31/13,1.0442
10/30/13,1.0432
10/29/13,1.0434
10/28/13,1.0428
10/25/13,1.0402
10/24/13,1.0334
10/23/13,1.0491
10/22/13,1.0419
10/21/13,1.0339
10/18/13,1.0268
10/17/13,1.021
10/16/13,1.0053
10/14/13,0.9999
10/11/13,0.9967
10/10/13,0.9894
10/09/13,0.989
10/08/13,1.0013
10/07/13,1.0002
10/04/13,0.9983
10/03/13,1.0095
10/02/13,1.0063
10/01/13,1.0145
09/30/13,1.0221
09/27/13,1.0319
09/26/13,1.0335
09/25/13,1.0297
09/24/13,1.0288
09/23/13,1.0322
09/20/13,1.0487
09/19/13,1.06
09/18/13,1.0358
09/17/13,1.0347
09/16/13,1.0408
09/13/13,1.0409
09/12/13,1.0528
09/11/13,1.0555
09/10/13,1.0542
09/09/13,1.0446
09/06/13,1.0352
09/05/13,1.0369
09/04/13,1.0336
09/03/13,1.0203
09/02/13,1.0167
08/30/13,1.009
08/29/13,1.0134
08/28/13,1.0183
08/27/13,1.0361
08/26/13,1.0244
08/23/13,1.0245
08/22/13,1.0121
08/21/13,1.0232
08/20/13,1.0189
08/19/13,1.0368
08/16/13,1.0327
08/15/13,1.0273
08/14/13,1.0267
08/13/13,1.0226
08/12/13,0.9991
08/07/13,0.9538
08/06/13,0.9705
08/05/13,0.9752
08/02/13,0.982
08/01/13,0.9729
07/31/13,0.9756
07/30/13,0.9781
07/29/13,0.9828
07/26/13,0.9831
07/25/13,0.9801
07/24/13,1.0028
07/23/13,0.9894
07/22/13,0.9655
07/19/13,0.9559
07/18/13,0.9521
07/17/13,0.9483
07/16/13,0.9369
07/15/13,0.9401
07/12/13,0.9404
07/11/13,0.9251
07/10/13,0.9172
07/09/13,0.9073
07/08/13,0.903
07/05/13,0.9078
07/04/13,0.8986
07/03/13,0.8991
07/02/13,0.9114
07/01/13,0.8991
06/28/13,0.8898
06/27/13,0.8861
06/26/13,0.8962
06/25/13,0.8846
06/24/13,0.9146
06/21/13,0.9176
06/20/13,0.9492
06/19/13,0.9654
06/18/13,0.9701
06/17/13,0.9675
06/14/13,0.9726
06/13/13,0.9509
06/12/13,0.9584
06/11/13,0.9691
06/10/13,0.979
06/07/13,0.9743
06/06/13,0.9796
06/05/13,0.987
06/04/13,0.9995
06/03/13,0.9929
05/31/13,1.0093
05/30/13,1.0034
05/29/13,1.0041
05/28/13,0.9933
05/27/13,0.999
05/23/13,1.0047
05/22/13,1.01
05/21/13,1.0051
05/20/13,0.9919
05/17/13,0.9897
05/16/13,0.9924
05/15/13,0.999
05/14/13,0.9981
05/13/13,1.0094
05/10/13,1.0179
05/09/13,1.0191
05/08/13,1.0094
05/07/13,1.0002
05/06/13,0.9801
05/03/13,0.9834
05/02/13,0.9688
04/30/13,0.985
04/29/13,0.9725
04/26/13,0.9867
04/25/13,0.9779
04/24/13,0.9588
04/23/13,0.9509
04/22/13,0.9445
04/19/13,0.9365
04/18/13,0.9262
04/17/13,0.9507
04/16/13,0.9531
04/15/13,0.9936
04/12/13,1.0336
04/11/13,1.0415
04/10/13,1.051
04/09/13,1.0306
04/08/13,1.0178
04/05/13,1.0277
04/04/13,1.0306
04/03/13,1.0392
04/02/13,1.0504
04/01/13,1.0698
03/28/13,1.0672
03/27/13,1.0658
03/26/13,1.0593
03/25/13,1.0705
03/22/13,1.074
03/21/13,1.0726
03/20/13,1.0734
03/19/13,1.0853
03/18/13,1.0919
03/15/13,1.0973
03/14/13,1.0956
03/13/13,1.0939
03/12/13,1.0932
03/11/13,1.0942
03/08/13,1.0848
03/07/13,1.0871
03/06/13,1.0745
03/05/13,1.0675
03/04/13,1.0713
03/01/13,1.0776
02/28/13,1.0893
02/27/13,1.0816
02/26/13,1.076
02/25/13,1.0864
02/22/13,1.0862
02/21/13,1.0872
02/20/13,1.122
02/19/13,1.128
02/18/13,1.1335
02/15/13,1.1516
02/14/13,1.1467
02/13/13,1.1486
02/08/13,1.1594
02/07/13,1.1563
02/06/13,1.1549
02/05/13,1.1492
02/04/13,1.1657
02/01/13,1.1532
01/31/13,1.1625
01/30/13,1.1582
01/29/13,1.1513
01/28/13,1.1555
01/25/13,1.1605
01/24/13,1.1549
01/23/13,1.1661
01/22/13,1.1629
01/21/13,1.1585
01/18/13,1.1546
01/17/13,1.147
01/16/13,1.1546
01/15/13,1.165
01/14/13,1.1633
01/11/13,1.1661
01/10/13,1.1616
01/09/13,1.1585
01/08/13,1.1617
01/07/13,1.1742
01/04/13,1.1682
01/03/13,1.1773
01/02/13,1.1652
12/31/12,1.1347
12/28/12,1.1427
12/27/12,1.1353
12/26/12,1.1279
12/24/12,1.1304
12/21/12,1.1341
12/20/12,1.1447
12/19/12,1.1497
12/18/12,1.144
12/17/12,1.1356
12/14/12,1.129
12/13/12,1.1365
12/12/12,1.1279
12/11/12,1.1244
12/10/12,1.1176
12/07/12,1.1011
12/06/12,1.1053
12/05/12,1.1052
12/04/12,1.101
12/03/12,1.1169
11/30/12,1.1157
11/29/12,1.1121
11/28/12,1.1024
11/27/12,1.1197
11/26/12,1.1206
11/23/12,1.1166
11/22/12,1.1132
11/21/12,1.1073
11/20/12,1.1108
11/19/12,1.0919
11/16/12,1.09
11/15/12,1.0981
11/14/12,1.115
11/12/12,1.1334
11/09/12,1.1325
11/08/12,1.1496
11/07/12,1.1664
11/06/12,1.1583
11/05/12,1.1532
11/02/12,1.168
11/01/12,1.1554
10/31/12,1.1551
10/30/12,1.1509
10/29/12,1.1445
10/25/12,1.1494
10/24/12,1.1565
10/23/12,1.1685
10/22/12,1.178
10/19/12,1.1855
10/18/12,1.1917
10/17/12,1.1747
10/16/12,1.1544
10/15/12,1.1546
10/12/12,1.1668
10/11/12,1.1653
10/10/12,1.1722
10/09/12,1.1834
10/08/12,1.1725
10/05/12,1.1817
10/04/12,1.1699
10/03/12,1.1797
10/02/12,1.1811
10/01/12,1.1704
09/28/12,1.1689
09/27/12,1.1577
09/26/12,1.1618
09/25/12,1.1742
09/24/12,1.1855
09/21/12,1.1922
09/20/12,1.1942
09/19/12,1.2064
09/18/12,1.2049
09/17/12,1.2214
09/14/12,1.2094
09/13/12,1.1592
09/12/12,1.1622
09/11/12,1.1477
09/10/12,1.1654
09/07/12,1.1392
09/06/12,1.1002
09/05/12,1.0911
09/04/12,1.1037
09/03/12,1.1085
08/31/12,1.0962
08/30/12,1.1033
08/29/12,1.1201
08/28/12,1.1277
08/27/12,1.1257
08/24/12,1.1251
08/23/12,1.142
08/22/12,1.1348
08/21/12,1.1355
08/17/12,1.1335
08/16/12,1.1239
08/15/12,1.1186
08/14/12,1.1317
08/13/12,1.1383
08/10/12,1.1376
08/08/12,1.1236
08/07/12,1.1021
08/06/12,1.0943
08/03/12,1.0718
08/02/12,1.0808
08/01/12,1.0763
07/31/12,1.0884
07/30/12,1.0873
07/27/12,1.0676
07/26/12,1.0554
07/25/12,1.0423
07/24/12,1.0546
07/23/12,1.0621
07/20/12,1.0904
07/19/12,1.0877
07/18/12,1.0763
07/17/12,1.0771
07/16/12,1.0885
07/13/12,1.073
07/12/12,1.0669
07/11/12,1.0818
07/10/12,1.1008
07/09/12,1.1114
07/06/12,1.1376
07/05/12,1.1424
07/04/12,1.1396
07/03/12,1.111
07/02/12,1.1116
06/29/12,1.0829
06/28/12,1.0726
06/27/12,1.0659
06/26/12,1.0729
06/25/12,1.0906
06/22/12,1.092
06/21/12,1.1384
06/20/12,1.1563
06/19/12,1.1368
06/18/12,1.1344
06/15/12,1.1272
06/14/12,1.1128
06/13/12,1.1183
06/12/12,1.1162
06/11/12,1.1273
06/08/12,1.1207
06/07/12,1.1323
06/06/12,1.1065
06/05/12,1.0874
06/04/12,1.0875
06/01/12,1.0904
05/31/12,1.099
05/30/12,1.1199
05/29/12,1.1212
05/28/12,1.1249
05/25/12,1.1029
05/24/12,1.1088
05/23/12,1.1034
05/22/12,1.1109
05/21/12,1.0965
05/18/12,1.0983
05/17/12,1.0912
05/16/12,1.1024
05/15/12,1.1335
05/14/12,1.158
05/11/12,1.1691
05/10/12,1.1788
05/09/12,1.1737
05/08/12,1.2053
05/07/12,1.246
05/04/12,1.242
05/03/12,1.2741
05/02/12,1.2888
04/30/12,1.2833
04/27/12,1.2801
04/26/12,1.271
04/25/12,1.2597
04/24/12,1.2499
04/23/12,1.2683
04/20/12,1.2836
04/19/12,1.2874
04/18/12,1.2857
04/17/12,1.257
04/16/12,1.2664
04/13/12,1.2818
04/12/12,1.2544
04/11/12,1.251
04/10/12,1.2589
04/09/12,1.2679
04/05/12,1.2664
04/04/12,1.2943
04/03/12,1.3148
04/02/12,1.3027
03/30/12,1.2999
03/29/12,1.2904
03/28/12,1.303
03/27/12,1.3239
03/26/12,1.3101
03/23/12,1.2958
03/22/12,1.3159
03/21/12,1.3342
03/20/12,1.3452
03/19/12,1.3503
03/16/12,1.3534
03/15/12,1.3413
03/14/12,1.3716
03/13/12,1.3573
03/12/12,1.3535
03/09/12,1.3414
03/08/12,1.3448
03/07/12,1.334
03/06/12,1.3583
03/05/12,1.3926
03/02/12,1.4052
03/01/12,1.3995
02/29/12,1.4296
02/28/12,1.4127
02/27/12,1.4091
02/24/12,1.424
02/23/12,1.4145
02/22/12,1.4044
02/21/12,1.3925
02/20/12,1.391
02/17/12,1.3906
02/16/12,1.3796
02/15/12,1.3937
02/14/12,1.3989
02/13/12,1.4024
02/10/12,1.4003
02/09/12,1.4067
02/08/12,1.411
02/07/12,1.4146
02/06/12,1.4226
02/03/12,1.3997
02/02/12,1.3998
02/01/12,1.3841
01/31/12,1.3848
01/30/12,1.387
01/27/12,1.3933
01/26/12,1.4011
01/25/12,1.3688
01/20/12,1.3784
01/19/12,1.3784
01/18/12,1.3682
01/17/12,1.3605
01/16/12,1.3456
01/13/12,1.3602
01/12/12,1.3561
01/11/12,1.3438
01/10/12,1.3313
01/09/12,1.3169
01/06/12,1.3155
01/05/12,1.322
01/04/12,1.3267
01/03/12,1.2892
12/30/11,1.2699
12/29/11,1.2512
12/28/11,1.2726
12/27/11,1.2891
12/23/11,1.2836
12/22/11,1.2722
12/21/11,1.2775
12/20/11,1.2362
12/19/11,1.2618
12/16/11,1.2563
12/15/11,1.25
12/14/11,1.28
12/13/11,1.3115
12/12/11,1.3433
12/09/11,1.3294
12/08/11,1.3693
12/07/11,1.3793
12/06/11,1.3551
12/05/11,1.3612
12/02/11,1.3607
12/01/11,1.3533
11/30/11,1.29
11/29/11,1.2839
11/28/11,1.2573
11/25/11,1.2447
11/24/11,1.2609
11/23/11,1.2761
11/22/11,1.2963
11/21/11,1.3123
11/18/11,1.3365
11/17/11,1.3711
11/16/11,1.3861
11/15/11,1.3876
11/14/11,1.406
11/11/11,1.3925
11/10/11,1.3845
11/09/11,1.4263
11/08/11,1.4168
11/04/11,1.3997
11/03/11,1.3644
11/02/11,1.3456
11/01/11,1.3583
10/31/11,1.412
10/28/11,1.4016
10/27/11,1.375
10/25/11,1.3393
10/24/11,1.3084
10/21/11,1.2774
10/20/11,1.2654
10/19/11,1.3072
10/18/11,1.2747
10/17/11,1.3367
10/14/11,1.3051
10/13/11,1.3199
10/12/11,1.3007
10/11/11,1.2755
10/10/11,1.2594
10/07/11,1.2722
10/06/11,1.2338
10/05/11,1.1714
10/04/11,1.1601
10/03/11,1.1934
09/30/11,1.2217
09/29/11,1.2416
09/28/11,1.2829
09/27/11,1.2606
09/26/11,1.2346
09/23/11,1.2508
09/22/11,1.3255
09/21/11,1.4003
09/20/11,1.3871
09/19/11,1.4055
09/16/11,1.4054
09/15/11,1.389
09/14/11,1.3825
09/13/11,1.3664
09/12/11,1.3731
09/09/11,1.4217
09/08/11,1.4323
09/07/11,1.386
09/06/11,1.3764
09/05/11,1.3823
09/02/11,1.4176
09/01/11,1.4285
08/31/11,1.4196
08/29/11,1.3799
08/26/11,1.3433
08/25/11,1.349
08/24/11,1.3399
08/23/11,1.3438
08/22/11,1.3299
08/19/11,1.3261
08/18/11,1.4016
08/17/11,1.4146
08/16/11,1.4005
08/15/11,1.3947
08/12/11,1.3809
08/11/11,1.3496
08/10/11,1.3555
08/08/11,1.3467
08/05/11,1.4117
08/04/11,1.5031
08/03/11,1.5343
08/02/11,1.5516
08/01/11,1.5705
07/29/11,1.5861
07/28/11,1.5819
07/27/11,1.6186
07/26/11,1.6207
07/25/11,1.6144
07/22/11,1.6134
07/21/11,1.6035
07/20/11,1.5973
07/19/11,1.5854
07/18/11,1.5643
07/15/11,1.5625
07/14/11,1.583
07/13/11,1.5716
07/12/11,1.5477
07/11/11,1.5832
07/08/11,1.6178
07/07/11,1.5923
07/06/11,1.5914
07/05/11,1.5881
07/04/11,1.5844
07/01/11,1.5727
06/30/11,1.5594
06/29/11,1.5359
06/28/11,1.501
06/27/11,1.4988
06/24/11,1.5117
06/23/11,1.519
06/22/11,1.5176
06/21/11,1.5061
06/20/11,1.4882
06/17/11,1.4955
06/16/11,1.5173
06/15/11,1.5421
06/14/11,1.5364
06/13/11,1.5507
06/10/11,1.5623
06/09/11,1.5429
06/08/11,1.5518
06/07/11,1.5677
06/06/11,1.5725
06/03/11,1.5867
06/02/11,1.5915
06/01/11,1.6348
05/31/11,1.6282
05/30/11,1.6074
05/27/11,1.6101
05/26/11,1.603
05/25/11,1.575
05/24/11,1.5689
05/23/11,1.5655
05/20/11,1.5776
05/19/11,1.5851
05/18/11,1.5593
05/16/11,1.5552
05/13/11,1.5748
05/12/11,1.5707
05/11/11,1.6354
05/10/11,1.6269
05/09/11,1.6016
05/06/11,1.587
05/05/11,1.6108
05/04/11,1.6474
05/03/11,1.6676
04/29/11,1.7154
04/28/11,1.7119
04/27/11,1.7115
04/26/11,1.7189
04/25/11,1.7176
04/21/11,1.7303
04/20/11,1.6991
04/19/11,1.6676
04/18/11,1.6871
04/15/11,1.6899
04/14/11,1.6942
04/13/11,1.7206
04/12/11,1.746
04/11/11,1.799
04/08/11,1.7726
04/07/11,1.7556
04/06/11,1.7676
04/05/11,1.7395
04/04/11,1.7221
04/01/11,1.7135
03/31/11,1.6992
03/30/11,1.698
03/29/11,1.6688
03/28/11,1.6759
03/25/11,1.6776
03/24/11,1.6764
03/23/11,1.6519
03/22/11,1.6548
03/21/11,1.6393
03/18/11,1.6291
03/17/11,1.589
03/16/11,1.6018
03/15/11,1.5939
03/14/11,1.6286
03/11/11,1.6041
03/10/11,1.6296
03/09/11,1.686
03/08/11,1.6976
03/07/11,1.7237
03/04/11,1.727
03/03/11,1.7225
03/02/11,1.6999
03/01/11,1.7175
02/28/11,1.699
02/25/11,1.6634
02/24/11,1.6698
02/23/11,1.6689
02/22/11,1.6939
02/21/11,1.7053
02/18/11,1.7098
02/17/11,1.7156
02/16/11,1.7064
02/15/11,1.7175
02/14/11,1.6942
02/11/11,1.68
02/10/11,1.6815
02/09/11,1.7112
02/08/11,1.6907
02/07/11,1.6999
02/02/11,1.6828
02/01/11,1.6508
01/31/11,1.6277
01/28/11,1.6187
01/27/11,1.6502
01/26/11,1.6258
01/25/11,1.6265
01/24/11,1.6315
01/21/11,1.6405
01/20/11,1.6509
01/19/11,1.6972
01/18/11,1.691
01/17/11,1.6794
01/14/11,1.6921
01/13/11,1.7241
01/12/11,1.7074
01/11/11,1.6749
01/10/11,1.6687
01/07/11,1.6804
01/06/11,1.704
01/05/11,1.6859
01/04/11,1.7281
01/03/11,1.6899
12/31/10,1.705
12/30/10,1.6943
12/29/10,1.6907
12/28/10,1.6815
12/27/10,1.6846
12/24/10,1.6914
12/23/10,1.7001
12/22/10,1.6975
12/21/10,1.6854
12/20/10,1.6822
12/17/10,1.6655
12/16/10,1.687
12/15/10,1.6827
12/14/10,1.6835
12/13/10,1.6876
12/10/10,1.6686
12/09/10,1.6697
12/08/10,1.6988
12/07/10,1.7195
12/06/10,1.6709
12/03/10,1.6588
12/02/10,1.6215
12/01/10,1.6056
11/30/10,1.594
11/29/10,1.5947
11/26/10,1.5935
11/25/10,1.6071
11/24/10,1.5752
11/23/10,1.5904
11/22/10,1.5994
11/19/10,1.5855
11/18/10,1.5723
11/16/10,1.5827
11/15/10,1.6221
11/12/10,1.6427
11/11/10,1.6445
11/10/10,1.6187
11/09/10,1.6468
11/08/10,1.6282
11/04/10,1.5827
11/03/10,1.5537
11/02/10,1.5433
11/01/10,1.5288
10/29/10,1.5134
10/28/10,1.5155
10/27/10,1.5173
10/26/10,1.5323
10/25/10,1.5231
10/22/10,1.4952
10/21/10,1.5172
10/20/10,1.5031
10/19/10,1.5318
10/18/10,1.5235
10/15/10,1.5436
10/14/10,1.5506
10/13/10,1.5179
10/12/10,1.4948
10/11/10,1.5175
10/08/10,1.4889
10/07/10,1.5157
10/06/10,1.5022
10/05/10,1.4583
10/04/10,1.4713
10/01/10,1.458
09/30/10,1.4552
09/29/10,1.4664
09/28/10,1.4469
09/27/10,1.4591
09/24/10,1.4437
09/23/10,1.4398
09/22/10,1.4413
09/21/10,1.4356
09/20/10,1.4254
09/17/10,1.4368
09/16/10,1.418
09/15/10,1.4273
09/14/10,1.4058
09/13/10,1.3953
09/09/10,1.391
09/08/10,1.3721
09/07/10,1.3746
09/06/10,1.3965
09/03/10,1.3738
09/02/10,1.3516
09/01/10,1.3294
08/31/10,1.2925
08/30/10,1.2818
08/27/10,1.2846
08/26/10,1.291
08/25/10,1.2789
08/24/10,1.2995
08/23/10,1.3224
08/20/10,1.32
08/19/10,1.3479
08/18/10,1.3343
08/17/10,1.3282
08/16/10,1.3251
08/13/10,1.3154
08/12/10,1.2933
08/11/10,1.3337
08/10/10,1.3546
08/06/10,1.3751
08/05/10,1.3677
08/04/10,1.3431
08/03/10,1.3459
08/02/10,1.332
07/30/10,1.3094
07/29/10,1.3132
07/28/10,1.3135
07/27/10,1.3236
07/26/10,1.3128
07/23/10,1.3066
07/22/10,1.2791
07/21/10,1.2693
07/20/10,1.2306
07/19/10,1.2208
07/16/10,1.2498
07/15/10,1.2564
07/14/10,1.2558
07/13/10,1.2527
07/12/10,1.2633
07/09/10,1.2441
07/08/10,1.2406
07/07/10,1.2033
07/06/10,1.209
07/05/10,1.1947
07/02/10,1.2116
07/01/10,1.2294
06/30/10,1.2309
06/29/10,1.2799
06/28/10,1.3057
06/25/10,1.2921
06/24/10,1.3114
06/23/10,1.32
06/22/10,1.3319
06/21/10,1.3396
06/18/10,1.3128
06/17/10,1.3198
06/16/10,1.3126
06/15/10,1.3016
06/14/10,1.3013
06/11/10,1.2765
06/10/10,1.2646
06/09/10,1.2578
06/08/10,1.2272
06/07/10,1.2389
06/04/10,1.2802
06/03/10,1.3005
06/02/10,1.2619
06/01/10,1.2921
05/31/10,1.2939
05/27/10,1.258
05/26/10,1.2287
05/25/10,1.1932
05/24/10,1.2173
05/21/10,1.1909
05/20/10,1.2161
05/19/10,1.2538
05/18/10,1.2895
05/17/10,1.3141
05/14/10,1.3397
05/13/10,1.3605
05/12/10,1.3387
05/11/10,1.3355
05/10/10,1.3242
05/07/10,1.3043
05/06/10,1.3215
05/05/10,1.335
05/04/10,1.3597
05/03/10,1.4027
04/30/10,1.4078
04/29/10,1.4109
04/28/10,1.404
04/27/10,1.4362
04/26/10,1.4471
04/23/10,1.4234
04/22/10,1.4225
04/21/10,1.4414
04/20/10,1.4439
04/19/10,1.4404
04/16/10,1.4694
04/15/10,1.4926
04/14/10,1.4833
04/13/10,1.4864
04/12/10,1.5027
04/09/10,1.4986
04/08/10,1.4855
04/07/10,1.5014
04/06/10,1.502
04/05/10,1.4744
04/01/10,1.4719
03/31/10,1.43
03/30/10,1.4424
03/29/10,1.4116
03/26/10,1.3954
03/25/10,1.4043
03/24/10,1.4074
03/23/10,1.4063
03/22/10,1.3921
03/19/10,1.4105
03/18/10,1.4339
03/17/10,1.4213
03/16/10,1.3969
03/15/10,1.3981
03/12/10,1.4122
03/11/10,1.4022
03/10/10,1.4187
03/09/10,1.4016
03/08/10,1.4079
03/05/10,1.382
03/04/10,1.3734
03/03/10,1.3648
03/02/10,1.3337
03/01/10,1.3198
02/26/10,1.3021
02/25/10,1.2928
02/24/10,1.308
02/23/10,1.3457
02/22/10,1.3587
02/19/10,1.3325
02/18/10,1.3388
02/17/10,1.3383
02/12/10,1.2971
02/11/10,1.2859
02/10/10,1.2826
02/09/10,1.25
02/08/10,1.2491
02/05/10,1.221
02/04/10,1.3033
02/03/10,1.3429
02/02/10,1.3257
02/01/10,1.2687
01/29/10,1.2784
01/28/10,1.3072
01/27/10,1.3213
01/26/10,1.3313
01/25/10,1.3613
01/22/10,1.353
01/21/10,1.4159
01/20/10,1.4521
01/19/10,1.4572
01/18/10,1.4597
01/15/10,1.4672
01/14/10,1.4731
01/13/10,1.4589
01/12/10,1.4778
01/11/10,1.5098
01/08/10,1.4738
01/07/10,1.48
01/06/10,1.4629
01/05/10,1.455
01/04/10,1.4115
12/31/09,1.4058
12/30/09,1.4051
12/29/09,1.4077
12/28/09,1.3912
12/24/09,1.3819
12/23/09,1.3641
12/22/09,1.3411
12/21/09,1.3389
12/18/09,1.3328
12/17/09,1.3629
12/16/09,1.3686
12/15/09,1.3677
12/14/09,1.3538
12/11/09,1.352
12/10/09,1.3298
12/09/09,1.3246
12/08/09,1.3614
12/07/09,1.3683
12/04/09,1.4036
12/03/09,1.4176
12/02/09,1.4176
12/01/09,1.3827
11/30/09,1.3561
11/26/09,1.385
11/25/09,1.3924
11/24/09,1.3929
11/23/09,1.3875
11/20/09,1.3661
11/19/09,1.3837
11/18/09,1.4079
11/17/09,1.3971
11/16/09,1.3857
11/13/09,1.34
11/12/09,1.3581
11/11/09,1.3613
11/10/09,1.3562
11/09/09,1.3278
11/06/09,1.3033
11/05/09,1.2837
11/04/09,1.2828
11/03/09,1.241
11/02/09,1.2408
10/30/09,1.2693
10/29/09,1.2262
10/28/09,1.2651
10/27/09,1.2997
10/26/09,1.3291
10/23/09,1.3291
10/22/09,1.3275
10/21/09,1.3227
10/20/09,1.3449
10/19/09,1.3301
10/16/09,1.3245
10/15/09,1.3234
10/14/09,1.306
10/13/09,1.2926
10/12/09,1.2754
10/09/09,1.2655
10/08/09,1.2571
10/07/09,1.2391
10/06/09,1.2028
10/05/09,1.1772
10/02/09,1.1646
10/01/09,1.2127
09/30/09,1.2128
09/29/09,1.2123
09/28/09,1.193
09/25/09,1.2034
09/24/09,1.2288
09/23/09,1.2621
09/22/09,1.257
09/18/09,1.2555
09/17/09,1.2835
09/16/09,1.2635
09/15/09,1.2274
09/14/09,1.2258
09/11/09,1.2431
09/10/09,1.2175
09/09/09,1.2203
09/08/09,1.2107
09/07/09,1.1882
09/04/09,1.1721
09/03/09,1.1503
09/02/09,1.1253
09/01/09,1.141
08/31/09,1.1731
08/28/09,1.1719
08/27/09,1.1684
08/26/09,1.1811
08/25/09,1.1895
08/24/09,1.1901
08/21/09,1.153
08/20/09,1.1531
08/19/09,1.1389
08/18/09,1.1466
08/17/09,1.1471
08/14/09,1.198
08/13/09,1.1832
08/12/09,1.1507
08/11/09,1.1713
08/07/09,1.1677
08/06/09,1.1888
08/05/09,1.2061
08/04/09,1.1961
08/03/09,1.1972
07/31/09,1.1607
07/30/09,1.1366
07/29/09,1.1398
07/28/09,1.1597
07/27/09,1.1619
07/24/09,1.1502
07/23/09,1.1219
07/22/09,1.1087
07/21/09,1.1156
07/20/09,1.0867
07/17/09,1.0698
07/16/09,1.0568
07/15/09,1.0296
07/14/09,1.003
07/13/09,0.9693
07/10/09,0.9832
07/09/09,0.9814
07/08/09,0.9839
07/07/09,1.0058
07/06/09,1.0165
07/03/09,1.037
07/02/09,1.0582
07/01/09,1.0592
06/30/09,1.0602
06/29/09,1.0593
06/26/09,1.067
06/25/09,1.0314
06/24/09,1.0166
06/23/09,0.9898
06/22/09,1.0443
06/19/09,1.0528
06/18/09,1.0486
06/17/09,1.073
06/16/09,1.1041
06/15/09,1.1315
06/12/09,1.1582
06/11/09,1.1565
06/10/09,1.1568
06/09/09,1.1226
06/08/09,1.1131
06/05/09,1.1229
06/04/09,1.0893
06/03/09,1.1414
06/02/09,1.1574
06/01/09,1.1324
05/29/09,1.0949
05/28/09,1.0552
05/27/09,1.07
05/26/09,1.0424
05/22/09,1.0385
05/21/09,1.0541
05/20/09,1.0469
05/19/09,1.0309
05/18/09,0.9912
05/15/09,0.9985
05/14/09,0.9771
05/13/09,1.0194
05/12/09,1.0258
05/11/09,1.0396
05/08/09,1.0339
05/07/09,1.0382
05/06/09,1.0079
05/05/09,1.029
05/04/09,0.9753
04/30/09,0.9563
04/29/09,0.9247
04/28/09,0.918
04/27/09,0.9448
04/24/09,0.9268
04/23/09,0.9073
04/22/09,0.8845
04/21/09,0.8899
04/20/09,0.9092
04/17/09,0.9372
04/16/09,0.9449
04/15/09,0.9431
04/14/09,0.9516
04/13/09,0.9263
04/09/09,0.9158
04/08/09,0.8906
04/07/09,0.9029
04/06/09,0.9323
04/03/09,0.9505
04/02/09,0.9294
04/01/09,0.8829
03/31/09,0.8782
03/30/09,0.8818
03/27/09,0.9137
03/26/09,0.91
03/25/09,0.9023
03/24/09,0.928
03/23/09,0.908
03/20/09,0.8931
03/19/09,0.8737
03/17/09,0.8359
03/16/09,0.8307
03/13/09,0.8377
03/11/09,0.7984
03/10/09,0.7888
03/09/09,0.7711
03/06/09,0.7819
03/05/09,0.7881
03/04/09,0.7778
03/03/09,0.7527
03/02/09,0.7873
02/27/09,0.8091
02/26/09,0.8068
02/25/09,0.7937
02/24/09,0.7819
02/23/09,0.8243
02/20/09,0.8253
02/19/09,0.8345
02/18/09,0.833
02/17/09,0.8483
02/16/09,0.8506
02/13/09,0.8546
02/12/09,0.8517
02/11/09,0.8496
02/10/09,0.8578
02/09/09,0.8781
02/06/09,0.8521
02/05/09,0.8494
02/04/09,0.8107
02/03/09,0.7807
02/02/09,0.7828
01/30/09,0.8028
01/29/09,0.7984
01/28/09,0.7958
01/23/09,0.7462
01/22/09,0.7674
01/21/09,0.7322
01/20/09,0.7628
01/19/09,0.7777
01/16/09,0.7655
01/15/09,0.7462
01/14/09,0.7788
01/13/09,0.7654
01/12/09,0.8114
01/09/09,0.8409
01/08/09,0.8286
01/07/09,0.8882
01/06/09,0.8691
01/05/09,0.8387
01/02/09,0.7955
12/31/08,0.758
12/30/08,0.7503
12/29/08,0.7349
12/26/08,0.7303
12/24/08,0.7282
12/23/08,0.7222
12/22/08,0.7437
12/19/08,0.743
12/18/08,0.7772
12/17/08,0.7911
12/16/08,0.7609
12/15/08,0.786
12/12/08,0.7437
12/11/08,0.765
12/10/08,0.7274
12/09/08,0.709
12/05/08,0.6534
12/04/08,0.6966
12/03/08,0.7113
12/02/08,0.7123
12/01/08,0.7629
11/28/08,0.7816
11/27/08,0.7858
11/26/08,0.7337
11/25/08,0.7349
11/24/08,0.6848
11/21/08,0.6208
11/20/08,0.6546
11/19/08,0.7155
11/18/08,0.7124
11/17/08,0.7366
11/14/08,0.7719
11/13/08,0.7095
11/12/08,0.7684
11/11/08,0.8096
11/10/08,0.8249
11/07/08,0.7762
11/06/08,0.8198
11/05/08,0.8844
11/04/08,0.8167
11/03/08,0.8017
10/31/08,0.8005
10/30/08,0.7832
10/29/08,0.7337
10/28/08,0.6477
10/24/08,0.6743
10/23/08,0.6765
10/22/08,0.7639
10/21/08,0.8287
10/20/08,0.7602
10/17/08,0.7298
10/16/08,0.7547
10/15/08,0.8613
10/14/08,0.9122
10/13/08,0.819
10/10/08,0.8903
10/09/08,0.8946
10/08/08,0.8553
10/07/08,0.927
10/06/08,0.9699
10/03/08,1.0128
10/02/08,1.1207
09/30/08,1.0906
09/29/08,1.1985
09/26/08,1.2675
09/25/08,1.2706
09/24/08,1.2848
09/23/08,1.3128
09/22/08,1.3274
09/18/08,1.197
09/17/08,1.2181
09/15/08,1.2517
09/11/08,1.223
09/10/08,1.1856
09/09/08,1.2794
09/08/08,1.3364
09/05/08,1.3
09/04/08,1.3718
09/03/08,1.3934
09/02/08,1.4703
09/01/08,1.506
08/29/08,1.5319
08/28/08,1.5274
08/27/08,1.5049
08/26/08,1.4971
08/25/08,1.5186
08/22/08,1.5369
08/21/08,1.4834
08/20/08,1.4537
08/19/08,1.4127
08/18/08,1.4294
08/15/08,1.4515
08/14/08,1.4728
08/13/08,1.4216
08/12/08,1.4138
08/11/08,1.4522
08/08/08,1.4826
08/07/08,1.4982
08/06/08,1.4777
08/05/08,1.497
08/04/08,1.5789
08/01/08,1.6222
07/31/08,1.6678
07/30/08,1.6103
07/29/08,1.6033
07/28/08,1.5863
07/25/08,1.5487
07/24/08,1.6044
07/23/08,1.6375
07/22/08,1.6906
07/21/08,1.6425
07/18/08,1.6254
07/17/08,1.6837
07/16/08,1.7164
07/15/08,1.7538
07/14/08,1.7551
07/11/08,1.7335
07/10/08,1.7052
07/09/08,1.7017
07/08/08,1.7173
07/07/08,1.7467
07/04/08,1.7551
07/03/08,1.7596
07/02/08,1.8735
07/01/08,1.862
06/30/08,1.877
06/27/08,1.8386
06/26/08,1.8272
06/25/08,1.834
06/24/08,1.8637
06/23/08,1.8505
06/20/08,1.8616
06/19/08,1.8807
06/18/08,1.8737
06/17/08,1.8726
06/16/08,1.8329
06/13/08,1.8197
06/12/08,1.8349
06/11/08,1.8205
06/10/08,1.8756
06/09/08,1.877
06/06/08,1.8885
06/05/08,1.8348
06/04/08,1.8744
06/03/08,1.8955
06/02/08,1.8961
05/30/08,1.8941
05/29/08,1.9269
05/28/08,1.8932
05/27/08,1.9365
05/26/08,1.9481
05/23/08,1.9478
05/22/08,1.9741
05/21/08,2.0034
05/20/08,1.9761
05/16/08,1.9668
05/15/08,1.9182
05/14/08,1.9162
05/13/08,1.8865
05/12/08,1.8855
05/09/08,1.905
05/08/08,1.8698
05/07/08,1.8798
05/06/08,1.8425
05/05/08,1.772
05/02/08,1.7674
04/30/08,1.747
04/29/08,1.8119
04/28/08,1.8304
04/25/08,1.7807
04/24/08,1.8161
04/23/08,1.8578
04/22/08,1.841
04/21/08,1.8432
04/18/08,1.8144
04/17/08,1.8309
04/16/08,1.7786
04/15/08,1.7558
04/14/08,1.7255
04/11/08,1.7691
04/10/08,1.7608
04/09/08,1.7794
04/08/08,1.7829
04/07/08,1.7806
04/04/08,1.7246
04/03/08,1.7072
04/02/08,1.67
04/01/08,1.6693
03/31/08,1.6802
03/28/08,1.6948
03/27/08,1.6776
03/26/08,1.6581
03/25/08,1.6098
03/24/08,1.5917
03/20/08,1.5906
03/19/08,1.7184
03/18/08,1.6881
03/17/08,1.7609
03/14/08,1.7971
03/13/08,1.7591
03/12/08,1.7767
03/11/08,1.7217
03/10/08,1.7754
03/07/08,1.8312
03/06/08,1.8643
03/05/08,1.8255
03/04/08,1.8423
03/03/08,1.8404
02/29/08,1.885
02/28/08,1.87
02/27/08,1.87
02/26/08,1.8365
02/25/08,1.8202
02/22/08,1.814
02/21/08,1.814
02/20/08,1.7804
02/19/08,1.7584
02/18/08,1.74
02/15/08,1.7512
02/14/08,1.7476
02/13/08,1.7049
02/12/08,1.7274
02/11/08,1.675
02/06/08,1.6609
02/05/08,1.7248
02/04/08,1.7268
02/01/08,1.7158
01/31/08,1.6315
01/30/08,1.6432
01/29/08,1.6302
01/28/08,1.587
01/25/08,1.6203
01/24/08,1.5485
01/23/08,1.5402
01/22/08,1.4776
01/21/08,1.575
01/18/08,1.625
01/17/08,1.6375
01/16/08,1.6958
01/15/08,1.7758
01/14/08,1.7595
01/11/08,1.7469
01/10/08,1.7521
01/09/08,1.763
01/08/08,1.751
01/07/08,1.7693
01/04/08,1.8298
01/03/08,1.7997
01/02/08,1.7899
12/31/07,1.7969
12/28/07,1.7935
12/27/07,1.8066
12/26/07,1.7795
12/24/07,1.7804
12/21/07,1.7292
12/19/07,1.6996
12/18/07,1.69
12/17/07,1.7018
12/14/07,1.7517
12/13/07,1.7913
12/12/07,1.7872
12/11/07,1.8335
12/10/07,1.8098
12/07/07,1.8028
12/06/07,1.785
12/05/07,1.7679
12/04/07,1.7667
12/03/07,1.7668
11/30/07,1.7854
11/29/07,1.7553
11/28/07,1.6881
11/27/07,1.7006
11/26/07,1.7375
11/23/07,1.6884
11/22/07,1.6803
11/21/07,1.7149
11/20/07,1.7056
11/19/07,1.7657
11/16/07,1.767
11/15/07,1.8019
11/14/07,1.8108
11/13/07,1.7596
11/12/07,1.8449
11/09/07,1.8998
11/07/07,1.8878
11/06/07,1.8394
11/05/07,1.8368
11/02/07,1.8451
11/01/07,1.8949
10/31/07,1.8546
10/30/07,1.8789
10/29/07,1.8758
10/26/07,1.8163
10/25/07,1.7891
10/24/07,1.7955
10/23/07,1.7696
10/22/07,1.769
10/19/07,1.8356
10/18/07,1.8227
10/17/07,1.8066
10/16/07,1.8477
10/15/07,1.8495
10/12/07,1.8296
10/11/07,1.8522
10/10/07,1.7929
10/09/07,1.7721
10/08/07,1.7797
10/05/07,1.7622
10/04/07,1.749
10/03/07,1.7973
10/02/07,1.8074
10/01/07,1.7977
09/28/07,1.7722
09/27/07,1.7561
09/26/07,1.7539
09/24/07,1.7557
09/21/07,1.7084
09/20/07,1.6855
09/19/07,1.6932
09/18/07,1.5908
09/14/07,1.599
09/13/07,1.5825
09/12/07,1.5684
09/11/07,1.5431
09/10/07,1.5517
08/31/07,1.5016
